sales_rep_key,sales_rep_name,region,seniority,hire_date
1,Ana C,Sudeste,Pleno,2024-02-21
2,Bruno F,Sul,Pleno,2024-03-02
3,Carla I,Nordeste,Sênior,2024-01-29
4,Diego L,Centro-Oeste,Pleno,2024-03-13
5,Elisa O,Norte,Pleno,2024-05-01
6,Fabio R,Sudeste,Sênior,2024-02-03
7,Gabriela U,Sul,Pleno,2024-05-30
8,Henrique X,Nordeste,Pleno,2024-03-21
9,Isabela A,Centro-Oeste,Sênior,2024-02-21
10,João D,Norte,Pleno,2024-04-23
11,Karen G,Sudeste,Pleno,2024-05-20
12,Lucas J,Sul,Sênior,2024-05-17
13,Marina M,Nordeste,Pleno,2024-03-17
14,Nicolas P,Centro-Oeste,Pleno,2024-04-03
15,Olivia S,Norte,Sênior,2024-03-26
16,Paulo V,Sudeste,Pleno,2024-03-30
17,Rafaela Y,Sul,Pleno,2024-01-08
18,Sergio B,Nordeste,Sênior,2024-02-22
19,Tatiana E,Centro-Oeste,Pleno,2024-03-25
20,Ulysses H,Norte,Pleno,2024-02-11
21,Valeria K,Sudeste,Sênior,2024-03-07
22,William N,Sul,Pleno,2024-04-18
23,Yasmin Q,Nordeste,Pleno,2024-05-25
24,Zeca T,Centro-Oeste,Sênior,2024-01-09
