revenue_key,opportunity_key,lead_key,sales_rep_key,channel_key,revenue_date,revenue_date_key,revenue_type,amount_brl,is_recurring,source_system,anomaly_flag
1,10,85,24,2,2024-12-30,20241230,New business,8062.08,True,ERP simulada,False
2,12,94,1,2,2024-07-15,20240715,New business,108265.23,True,ERP simulada,False
3,16,137,22,3,2024-12-13,20241213,New business,18627.95,True,ERP simulada,False
4,18,160,21,2,2025-11-04,20251104,New business,395328.77,True,ERP simulada,False
5,19,163,1,5,2025-08-19,20250819,New business,165059.88,True,ERP simulada,False
6,20,167,1,1,2025-01-28,20250128,New business,135272.72,True,ERP simulada,False
7,21,171,16,5,2024-10-01,20241001,New business,29314.49,True,ERP simulada,False
8,24,200,7,2,2024-10-11,20241011,New business,84287.16,True,ERP simulada,False
9,28,236,6,3,2025-02-21,20250221,New business,38298.85,True,ERP simulada,False
10,29,237,2,3,2025-11-27,20251127,New business,25608.49,True,ERP simulada,False
11,33,266,9,6,2025-05-25,20250525,New business,6931.03,True,ERP simulada,False
12,34,282,22,6,2024-05-07,20240507,New business,46700.0,True,ERP simulada,False
13,36,296,21,3,2025-03-10,20250310,New business,101067.89,True,ERP simulada,False
14,37,304,1,5,2024-05-05,20240505,New business,133312.52,True,ERP simulada,False
15,38,339,17,2,2025-12-27,20251227,New business,98049.39,True,ERP simulada,False
16,41,364,7,3,2025-08-15,20250815,New business,151802.86,True,ERP simulada,False
17,44,414,7,2,2024-04-14,20240414,New business,9201.47,True,ERP simulada,False
18,45,428,1,5,2025-08-24,20250824,New business,9048.39,True,ERP simulada,False
19,46,465,11,1,2024-04-12,20240412,New business,26105.02,True,ERP simulada,False
20,47,515,21,4,2024-04-17,20240417,New business,111281.97,True,ERP simulada,False
21,50,541,1,1,2026-01-08,20260108,New business,13395.87,True,ERP simulada,False
22,51,568,19,3,2024-11-15,20241115,New business,12035.98,True,ERP simulada,False
23,53,629,18,4,2025-03-03,20250303,New business,151800.0,True,ERP simulada,False
24,54,679,22,3,2024-12-25,20241225,New business,15770.78,True,ERP simulada,False
25,55,685,14,3,2025-05-12,20250512,New business,67257.38,True,ERP simulada,False
26,56,690,9,2,2025-12-24,20251224,New business,70128.62,True,ERP simulada,False
27,58,696,17,5,2024-10-01,20241001,New business,7449.93,True,ERP simulada,False
28,59,718,13,1,2026-01-02,20260102,New business,10590.56,True,ERP simulada,False
29,60,731,6,2,2025-03-09,20250309,New business,216728.21,True,ERP simulada,False
30,63,775,1,3,2024-05-04,20240504,New business,13990.29,True,ERP simulada,False
31,66,814,18,3,2025-02-02,20250202,New business,64626.43,True,ERP simulada,False
32,69,864,1,6,2024-09-10,20240910,New business,121499.06,True,ERP simulada,False
33,70,880,21,3,2025-11-24,20251124,New business,5491.54,True,ERP simulada,False
34,72,894,14,5,2025-04-09,20250409,New business,11277.6,True,ERP simulada,False
35,73,899,8,1,2025-02-27,20250227,New business,25036.56,True,ERP simulada,False
36,76,948,13,4,2025-08-28,20250828,New business,24792.45,True,ERP simulada,False
37,79,964,6,4,2025-12-15,20251215,New business,19272.8,True,ERP simulada,False
38,83,1000,21,1,2025-08-29,20250829,New business,101404.32,True,ERP simulada,False
39,84,1008,6,3,2025-05-13,20250513,New business,38761.35,True,ERP simulada,False
40,85,1010,8,1,2025-07-11,20250711,New business,82026.33,True,ERP simulada,False
41,89,1059,17,5,2026-03-27,20260327,New business,93744.74,True,ERP simulada,False
42,90,1071,16,1,2024-08-11,20240811,New business,9265.11,True,ERP simulada,False
43,93,1082,1,3,2024-06-14,20240614,New business,18851.61,True,ERP simulada,False
44,95,1093,11,3,2025-09-06,20250906,New business,286160.04,True,ERP simulada,False
45,96,1112,1,6,2024-09-27,20240927,New business,22939.25,True,ERP simulada,False
46,101,1249,17,1,2025-05-14,20250514,New business,68946.71,True,ERP simulada,True
47,102,1259,16,1,2025-03-20,20250320,New business,214705.27,True,ERP simulada,False
48,105,1278,4,5,2025-12-31,20251231,New business,17128.69,True,ERP simulada,False
49,106,1279,17,1,2026-02-09,20260209,New business,18073.1,True,ERP simulada,False
50,109,1322,2,1,2024-11-29,20241129,New business,10752.13,True,ERP simulada,False
51,111,1376,6,4,2024-07-17,20240717,New business,37989.51,True,ERP simulada,False
52,112,1388,11,4,2024-08-23,20240823,New business,143284.81,True,ERP simulada,False
53,113,1416,5,2,2025-12-24,20251224,New business,17716.55,True,ERP simulada,False
54,114,1438,18,4,2024-09-06,20240906,New business,3868.3,True,ERP simulada,False
55,116,1467,3,3,2025-09-09,20250909,New business,88751.67,True,ERP simulada,False
56,117,1468,1,3,2025-01-04,20250104,New business,400909.05,True,ERP simulada,False
57,118,1469,17,4,2025-12-18,20251218,New business,513773.21,True,ERP simulada,False
58,119,1479,7,4,2024-02-29,20240229,New business,15889.94,True,ERP simulada,False
59,120,1492,11,6,2025-04-04,20250404,New business,15721.55,True,ERP simulada,False
60,122,1509,5,3,2025-06-11,20250611,New business,94239.67,True,ERP simulada,False
61,123,1513,11,6,2025-05-02,20250502,New business,63861.99,True,ERP simulada,False
62,124,1524,16,4,2024-11-17,20241117,New business,20108.86,True,ERP simulada,False
63,125,1536,15,1,2025-07-17,20250717,New business,18369.01,True,ERP simulada,False
64,126,1544,22,3,2025-01-15,20250115,New business,282803.22,True,ERP simulada,False
65,127,1564,6,3,2025-07-27,20250727,New business,130926.93,True,ERP simulada,False
66,130,1592,21,3,2024-03-20,20240320,New business,35062.46,True,ERP simulada,False
67,132,1626,5,2,2024-07-22,20240722,New business,129715.72,True,ERP simulada,False
68,134,1657,21,3,2024-05-24,20240524,New business,198893.91,True,ERP simulada,False
69,135,1660,12,3,2025-07-28,20250728,New business,8735.2,True,ERP simulada,False
70,137,1718,12,1,2024-04-02,20240402,New business,10920.51,True,ERP simulada,False
71,138,1727,18,3,2025-09-23,20250923,New business,11935.52,True,ERP simulada,False
72,139,1728,2,6,2024-09-01,20240901,New business,71450.16,True,ERP simulada,False
73,141,1755,21,3,2025-12-14,20251214,New business,356035.76,True,ERP simulada,False
74,142,1773,6,3,2026-02-14,20260214,New business,41943.64,True,ERP simulada,False
75,143,1791,16,3,2024-11-06,20241106,New business,16842.82,True,ERP simulada,False
76,146,1812,7,3,2024-12-08,20241208,New business,12599.85,True,ERP simulada,False
77,147,1849,14,3,2025-02-21,20250221,New business,24147.95,True,ERP simulada,False
78,148,1857,18,4,2024-07-15,20240715,New business,173394.44,True,ERP simulada,False
79,153,1894,1,6,2025-05-23,20250523,New business,5212.88,True,ERP simulada,False
80,156,1954,24,5,2025-04-24,20250424,New business,38114.7,True,ERP simulada,False
81,157,1957,21,1,2024-09-02,20240902,New business,25085.42,True,ERP simulada,False
82,158,1960,22,3,2024-04-16,20240416,New business,294974.74,True,ERP simulada,False
83,159,1989,4,5,2024-02-13,20240213,New business,243867.62,True,ERP simulada,False
84,161,1995,9,2,2025-02-09,20250209,New business,27736.63,True,ERP simulada,False
85,162,2004,20,2,2025-08-10,20250810,New business,39602.39,True,ERP simulada,False
86,164,2042,1,3,2025-11-30,20251130,New business,13040.59,True,ERP simulada,False
87,165,2044,24,1,2025-11-16,20251116,New business,23481.12,True,ERP simulada,False
88,166,2046,11,5,2024-07-15,20240715,New business,9017.45,True,ERP simulada,False
89,167,2055,8,3,2025-07-16,20250716,New business,17413.43,True,ERP simulada,False
90,168,2083,11,3,2024-12-28,20241228,New business,128140.03,True,ERP simulada,False
91,169,2112,6,5,2024-05-11,20240511,New business,26911.83,True,ERP simulada,False
92,170,2127,1,1,2024-09-25,20240925,New business,69173.11,True,ERP simulada,False
93,171,2136,7,5,2024-08-19,20240819,New business,65746.71,True,ERP simulada,False
94,175,2147,12,3,2024-12-05,20241205,New business,233753.79,True,ERP simulada,False
95,181,2191,6,5,2024-02-01,20240201,New business,12423.73,True,ERP simulada,False
96,182,2203,16,4,2024-08-15,20240815,New business,101267.86,True,ERP simulada,False
97,183,2209,6,2,2025-06-11,20250611,New business,313808.32,True,ERP simulada,False
98,187,2234,11,4,2025-09-21,20250921,New business,34205.19,True,ERP simulada,False
99,189,2252,16,3,2024-08-24,20240824,New business,115835.45,True,ERP simulada,False
100,191,2270,11,1,2024-07-17,20240717,New business,20100.0,True,ERP simulada,False
101,192,2271,16,5,2026-02-28,20260228,New business,111209.16,True,ERP simulada,True
102,193,2272,7,1,2025-12-14,20251214,New business,104386.39,True,ERP simulada,False
103,195,2293,4,6,2024-11-12,20241112,New business,24842.74,True,ERP simulada,False
104,198,2375,1,1,2025-03-27,20250327,New business,14144.57,True,ERP simulada,False
105,199,2383,6,6,2025-04-28,20250428,New business,312573.01,True,ERP simulada,False
106,200,2384,17,3,2024-04-26,20240426,New business,9084.09,True,ERP simulada,False
107,201,2390,12,2,2025-12-05,20251205,New business,15110.4,True,ERP simulada,False
108,202,2405,23,1,2024-12-23,20241223,New business,730086.48,True,ERP simulada,True
109,204,2430,8,3,2025-08-02,20250802,New business,434200.48,True,ERP simulada,False
110,206,2460,6,4,2025-11-03,20251103,New business,85396.82,True,ERP simulada,False
111,209,2509,12,4,2024-04-11,20240411,New business,13377.3,True,ERP simulada,False
112,211,2518,13,1,2024-08-28,20240828,New business,60076.96,True,ERP simulada,False
113,212,2522,8,3,2024-11-03,20241103,New business,219902.61,True,ERP simulada,False
114,220,2667,17,4,2025-12-12,20251212,New business,397860.19,True,ERP simulada,False
115,224,2688,17,3,2025-12-27,20251227,New business,13762.04,True,ERP simulada,False
116,227,2706,15,3,2024-04-09,20240409,New business,106149.56,True,ERP simulada,False
117,229,2729,13,2,2024-11-16,20241116,New business,20108.18,True,ERP simulada,False
118,230,2762,14,2,2025-01-02,20250102,New business,14700.0,True,ERP simulada,False
119,233,2792,21,4,2024-12-06,20241206,New business,56737.65,True,ERP simulada,False
120,237,2879,7,2,2024-08-31,20240831,New business,40169.61,True,ERP simulada,False
121,238,2892,21,2,2025-04-14,20250414,New business,200443.6,True,ERP simulada,False
122,239,2913,10,6,2026-01-13,20260113,New business,13808.46,True,ERP simulada,False
123,245,3011,21,4,2024-09-03,20240903,New business,277291.76,True,ERP simulada,False
124,246,3012,23,6,2026-04-07,20260407,New business,12140.38,True,ERP simulada,False
125,254,3098,13,5,2024-07-31,20240731,New business,13940.25,True,ERP simulada,False
126,255,3111,7,3,2025-01-08,20250108,New business,45129.77,True,ERP simulada,False
127,260,3150,11,5,2024-12-08,20241208,New business,29193.55,True,ERP simulada,False
128,262,3166,3,3,2025-03-12,20250312,New business,26319.2,True,ERP simulada,False
129,265,3189,20,4,2024-07-03,20240703,New business,40786.08,True,ERP simulada,False
130,266,3193,11,2,2025-11-21,20251121,New business,60024.53,True,ERP simulada,False
131,267,3202,2,1,2024-08-15,20240815,New business,47446.82,True,ERP simulada,False
132,268,3206,11,1,2025-11-25,20251125,New business,36360.95,True,ERP simulada,False
133,271,3233,21,1,2025-03-21,20250321,New business,11420.59,True,ERP simulada,False
134,276,3299,12,2,2025-01-03,20250103,New business,19138.82,True,ERP simulada,False
135,283,3386,22,2,2025-04-20,20250420,New business,100515.93,True,ERP simulada,False
136,286,3441,9,4,2024-06-12,20240612,New business,20185.97,True,ERP simulada,False
137,289,3470,5,1,2025-10-02,20251002,New business,645823.65,True,ERP simulada,False
138,290,3473,1,1,2025-04-11,20250411,New business,23780.1,True,ERP simulada,False
139,291,3492,1,1,2025-09-06,20250906,New business,38554.72,True,ERP simulada,False
140,292,3564,3,4,2024-08-04,20240804,New business,15443.29,True,ERP simulada,False
141,295,3595,2,1,2024-08-30,20240830,New business,21476.87,True,ERP simulada,False
142,300,3688,13,1,2024-11-22,20241122,New business,19272.1,True,ERP simulada,False
143,302,3711,11,4,2026-02-27,20260227,New business,72144.14,True,ERP simulada,False
144,303,3761,1,6,2024-08-11,20240811,New business,50053.58,True,ERP simulada,False
145,304,3767,16,2,2024-03-14,20240314,New business,18533.81,True,ERP simulada,False
146,307,3815,18,1,2024-06-20,20240620,New business,19438.45,True,ERP simulada,False
147,310,3868,6,3,2024-09-19,20240919,New business,50945.13,True,ERP simulada,False
148,314,3883,18,1,2024-07-04,20240704,New business,48069.56,True,ERP simulada,False
149,316,3917,11,6,2024-06-23,20240623,New business,56747.19,True,ERP simulada,False
150,320,3945,13,1,2025-03-10,20250310,New business,26498.97,True,ERP simulada,False
151,321,3948,23,6,2025-05-16,20250516,New business,29569.02,True,ERP simulada,False
152,327,4032,1,2,2024-12-10,20241210,New business,42712.2,True,ERP simulada,False
153,331,4083,11,1,2024-10-08,20241008,New business,87402.31,True,ERP simulada,False
154,333,4124,17,4,2024-09-17,20240917,New business,41403.72,True,ERP simulada,False
155,339,4170,16,6,2025-08-31,20250831,New business,86876.06,True,ERP simulada,False
156,342,4277,2,4,2025-01-01,20250101,New business,11628.96,True,ERP simulada,False
157,343,4279,21,5,2026-01-19,20260119,New business,57893.01,True,ERP simulada,False
158,347,4296,9,1,2024-12-14,20241214,New business,13660.09,True,ERP simulada,False
159,349,4339,22,1,2024-10-11,20241011,New business,100024.86,True,ERP simulada,False
160,350,4363,21,5,2025-04-10,20250410,New business,27943.81,True,ERP simulada,False
161,351,4366,2,1,2024-12-27,20241227,New business,7053.46,True,ERP simulada,False
162,352,4375,6,1,2024-06-17,20240617,New business,19326.11,True,ERP simulada,False
163,353,4382,17,6,2025-06-15,20250615,New business,257937.09,True,ERP simulada,False
164,355,4427,6,1,2026-01-15,20260115,New business,61040.08,True,ERP simulada,False
165,356,4438,1,1,2026-03-06,20260306,New business,550666.13,True,ERP simulada,False
166,357,4442,1,3,2024-10-04,20241004,New business,27800.0,True,ERP simulada,False
167,359,4472,13,1,2025-03-22,20250322,New business,29680.33,True,ERP simulada,False
168,360,4494,21,1,2025-08-24,20250824,New business,44415.7,True,ERP simulada,False
169,362,4538,15,3,2025-02-27,20250227,New business,30368.68,True,ERP simulada,False
170,364,4542,1,6,2026-02-06,20260206,New business,40536.84,True,ERP simulada,False
171,365,4543,2,6,2025-04-25,20250425,New business,398459.47,True,ERP simulada,False
172,366,4553,17,4,2024-06-11,20240611,New business,28061.05,True,ERP simulada,False
173,368,4570,8,5,2025-06-24,20250624,New business,173523.19,True,ERP simulada,False
174,369,4582,16,1,2024-06-15,20240615,New business,176000.0,True,ERP simulada,False
175,375,4661,22,6,2025-03-17,20250317,New business,166787.02,True,ERP simulada,False
176,380,4683,1,6,2025-06-14,20250614,New business,11732.65,True,ERP simulada,False
177,381,4685,23,5,2024-04-28,20240428,New business,35777.04,True,ERP simulada,False
178,382,4695,15,1,2024-06-27,20240627,New business,41319.15,True,ERP simulada,False
179,384,4704,18,2,2025-04-04,20250404,New business,54870.54,True,ERP simulada,False
180,385,4709,11,5,2025-04-26,20250426,New business,10453.69,True,ERP simulada,False
181,388,4759,21,2,2025-11-02,20251102,New business,78991.41,True,ERP simulada,False
182,389,4774,11,2,2025-02-02,20250202,New business,162831.23,True,ERP simulada,False
183,391,4829,1,5,2025-10-30,20251030,New business,313502.73,True,ERP simulada,False
184,395,4871,23,5,2025-04-30,20250430,New business,192613.31,True,ERP simulada,False
185,397,4882,7,6,2025-09-26,20250926,New business,7565.01,True,ERP simulada,False
186,400,4905,1,3,2025-02-28,20250228,New business,44810.27,True,ERP simulada,False
187,401,4930,2,1,2024-08-07,20240807,New business,451682.56,True,ERP simulada,False
188,402,4931,7,5,2025-01-21,20250121,New business,72239.51,True,ERP simulada,False
189,403,4941,3,3,2025-11-08,20251108,New business,21200.0,True,ERP simulada,False
190,404,4942,21,2,2024-10-17,20241017,New business,52515.58,True,ERP simulada,False
191,405,4950,13,3,2024-06-11,20240611,New business,19488.99,True,ERP simulada,False
192,406,4960,9,6,2025-03-20,20250320,New business,26400.0,True,ERP simulada,False
193,407,5009,16,3,2025-09-14,20250914,New business,147081.35,True,ERP simulada,False
194,408,5013,21,5,2025-07-16,20250716,New business,42741.8,True,ERP simulada,False
195,412,5117,1,4,2025-11-27,20251127,New business,36250.64,True,ERP simulada,False
196,417,5197,17,1,2024-03-18,20240318,New business,154076.01,True,ERP simulada,False
197,418,5215,18,3,2024-04-22,20240422,New business,14394.39,True,ERP simulada,False
198,419,5234,8,3,2026-04-12,20260412,New business,7105.82,True,ERP simulada,False
199,420,5240,12,6,2024-10-02,20241002,New business,13789.55,True,ERP simulada,False
200,427,5322,21,3,2025-04-08,20250408,New business,28876.16,True,ERP simulada,False
201,429,5392,21,3,2026-02-11,20260211,New business,98895.63,True,ERP simulada,False
202,431,5402,11,1,2024-11-30,20241130,New business,14400.0,True,ERP simulada,False
203,434,5436,3,3,2024-05-09,20240509,New business,68631.98,True,ERP simulada,False
204,435,5478,23,5,2024-05-04,20240504,New business,37672.0,True,ERP simulada,False
205,440,5540,24,4,2024-12-17,20241217,New business,53143.8,True,ERP simulada,False
206,441,5568,21,6,2024-09-30,20240930,New business,9688.01,True,ERP simulada,False
207,444,5619,21,1,2026-02-23,20260223,New business,33546.84,True,ERP simulada,False
208,445,5620,23,4,2024-10-09,20241009,New business,75091.56,True,ERP simulada,False
209,446,5621,8,2,2025-11-10,20251110,New business,78714.8,True,ERP simulada,False
210,450,5670,17,5,2025-08-05,20250805,New business,32619.79,True,ERP simulada,False
211,451,5679,16,6,2024-04-03,20240403,New business,99799.1,True,ERP simulada,False
212,452,5683,16,4,2025-04-15,20250415,New business,23942.37,True,ERP simulada,False
213,453,5684,3,4,2025-07-16,20250716,New business,58392.02,True,ERP simulada,False
214,456,5716,20,1,2025-11-23,20251123,New business,20957.91,True,ERP simulada,False
215,458,5743,1,1,2024-04-29,20240429,New business,34330.17,True,ERP simulada,False
216,463,5836,11,3,2025-07-23,20250723,New business,88693.43,True,ERP simulada,False
217,464,5843,2,5,2025-01-26,20250126,New business,10089.93,True,ERP simulada,False
218,469,5899,21,3,2024-04-04,20240404,New business,84500.0,True,ERP simulada,False
219,474,5946,1,5,2025-01-06,20250106,New business,178564.71,True,ERP simulada,False
220,475,6019,12,2,2025-06-22,20250622,New business,9607.91,True,ERP simulada,False
221,476,6020,17,5,2026-02-04,20260204,New business,7924.57,True,ERP simulada,False
222,480,6069,21,2,2024-07-23,20240723,New business,11247.6,True,ERP simulada,False
223,481,6078,7,5,2025-09-11,20250911,New business,25770.16,True,ERP simulada,False
224,482,6091,16,3,2024-09-21,20240921,New business,10894.41,True,ERP simulada,False
225,483,6093,16,3,2025-07-03,20250703,New business,64695.17,True,ERP simulada,False
226,485,6107,2,1,2024-03-29,20240329,New business,199047.39,True,ERP simulada,False
227,490,6194,22,6,2025-10-07,20251007,New business,39840.03,True,ERP simulada,False
228,491,6203,11,2,2024-06-27,20240627,New business,5021.61,True,ERP simulada,False
229,492,6204,6,3,2024-11-08,20241108,New business,16206.81,True,ERP simulada,False
230,493,6225,5,3,2025-04-18,20250418,New business,56661.78,True,ERP simulada,False
231,494,6230,11,4,2025-09-18,20250918,New business,131426.35,True,ERP simulada,False
232,496,6261,22,3,2025-07-02,20250702,New business,39286.41,True,ERP simulada,False
233,497,6269,7,1,2025-12-02,20251202,New business,60506.32,True,ERP simulada,False
234,502,6316,1,3,2025-11-14,20251114,New business,30000.88,True,ERP simulada,False
235,506,6366,19,3,2025-12-27,20251227,New business,13000.0,True,ERP simulada,False
236,508,6391,1,5,2025-02-18,20250218,New business,14638.08,True,ERP simulada,False
237,509,6417,18,1,2024-09-12,20240912,New business,14157.66,True,ERP simulada,False
238,511,6442,12,2,2025-04-11,20250411,New business,52490.37,True,ERP simulada,False
239,513,6454,7,6,2024-06-21,20240621,New business,35582.23,True,ERP simulada,False
240,515,6497,10,1,2024-10-18,20241018,New business,17087.94,True,ERP simulada,False
241,516,6504,16,3,2025-10-31,20251031,New business,91681.93,True,ERP simulada,False
242,519,6528,2,2,2025-05-23,20250523,New business,47634.32,True,ERP simulada,False
243,520,6546,24,3,2025-06-29,20250629,New business,11495.19,True,ERP simulada,False
244,521,6583,21,3,2025-10-27,20251027,New business,19376.84,True,ERP simulada,False
245,522,6593,12,6,2024-05-09,20240509,New business,72472.15,True,ERP simulada,False
246,523,6613,15,5,2024-02-19,20240219,New business,9113.13,True,ERP simulada,False
247,526,6652,21,3,2025-06-22,20250622,New business,32000.28,True,ERP simulada,False
248,528,6730,16,1,2026-01-14,20260114,New business,7885.48,True,ERP simulada,False
249,529,6731,18,2,2024-03-31,20240331,New business,11940.61,True,ERP simulada,False
250,532,6751,17,5,2026-02-05,20260205,New business,43862.09,True,ERP simulada,False
251,534,6756,3,3,2025-07-27,20250727,New business,89382.25,True,ERP simulada,False
252,537,6798,19,1,2025-07-24,20250724,New business,14648.43,True,ERP simulada,False
253,538,6803,5,5,2025-12-21,20251221,New business,92775.36,True,ERP simulada,False
254,540,6880,7,3,2025-01-30,20250130,New business,12627.91,True,ERP simulada,False
255,543,6923,23,1,2025-02-06,20250206,New business,8608.07,True,ERP simulada,False
256,544,6941,6,3,2025-03-15,20250315,New business,14731.25,True,ERP simulada,False
257,550,7018,18,6,2025-07-21,20250721,New business,241659.87,True,ERP simulada,False
258,552,7083,19,2,2025-09-04,20250904,New business,66015.88,True,ERP simulada,False
259,554,7093,24,5,2025-11-13,20251113,New business,272581.03,True,ERP simulada,False
260,555,7100,21,3,2025-12-03,20251203,New business,62088.85,True,ERP simulada,False
261,556,7102,10,2,2024-11-13,20241113,New business,30867.28,True,ERP simulada,False
262,560,7136,24,1,2024-05-22,20240522,New business,9092.67,True,ERP simulada,False
263,561,7164,21,4,2024-04-19,20240419,New business,7777.37,True,ERP simulada,False
264,562,7166,11,2,2024-05-08,20240508,New business,40771.47,True,ERP simulada,False
265,564,7189,3,5,2025-08-03,20250803,New business,50299.02,True,ERP simulada,False
266,566,7197,11,6,2025-10-30,20251030,New business,17682.59,True,ERP simulada,False
267,568,7209,21,5,2024-12-26,20241226,New business,154008.76,True,ERP simulada,False
268,570,7220,3,3,2024-10-19,20241019,New business,1881804.64,True,ERP simulada,True
269,574,7248,6,4,2024-07-19,20240719,New business,45637.59,True,ERP simulada,False
270,575,7260,16,4,2025-12-30,20251230,New business,91999.84,True,ERP simulada,False
271,576,7267,18,2,2024-07-24,20240724,New business,8263.28,True,ERP simulada,False
272,577,7268,11,1,2025-08-20,20250820,New business,77181.62,True,ERP simulada,False
273,579,7303,11,4,2025-04-20,20250420,New business,60884.04,True,ERP simulada,False
274,582,7363,15,3,2024-10-05,20241005,New business,324021.25,True,ERP simulada,False
275,583,7387,8,4,2024-06-29,20240629,New business,16347.83,True,ERP simulada,False
276,584,7397,6,5,2025-02-20,20250220,New business,5239.51,True,ERP simulada,False
277,585,7409,16,6,2024-08-23,20240823,New business,35560.6,True,ERP simulada,False
278,586,7415,5,5,2025-12-27,20251227,New business,20647.41,True,ERP simulada,False
279,587,7444,8,2,2024-07-07,20240707,New business,248132.29,True,ERP simulada,False
280,588,7445,16,2,2025-01-01,20250101,New business,216846.4,True,ERP simulada,False
281,589,7447,14,3,2025-05-14,20250514,New business,107631.36,True,ERP simulada,False
282,590,7458,13,6,2025-10-22,20251022,New business,24572.82,True,ERP simulada,False
283,593,7491,18,3,2025-11-20,20251120,New business,44084.73,True,ERP simulada,False
284,596,7552,12,4,2024-12-28,20241228,New business,33913.29,True,ERP simulada,False
285,597,7554,21,1,2026-03-29,20260329,New business,93388.79,True,ERP simulada,False
286,598,7564,22,3,2026-03-17,20260317,New business,21817.71,True,ERP simulada,False
287,603,7700,4,1,2024-02-26,20240226,New business,39424.83,True,ERP simulada,False
288,604,7705,12,5,2024-11-16,20241116,New business,36442.71,True,ERP simulada,False
289,605,7728,16,5,2025-09-27,20250927,New business,21531.23,True,ERP simulada,False
290,607,7752,11,5,2025-01-03,20250103,New business,69896.59,True,ERP simulada,False
291,609,7808,1,2,2025-06-06,20250606,New business,55829.35,True,ERP simulada,False
292,611,7824,8,4,2026-02-13,20260213,New business,88155.83,True,ERP simulada,False
293,613,7849,4,2,2024-09-29,20240929,New business,85700.0,True,ERP simulada,False
294,615,7886,1,6,2024-12-26,20241226,New business,38241.44,True,ERP simulada,False
295,616,7909,1,6,2025-04-04,20250404,New business,42815.1,True,ERP simulada,False
296,617,7933,16,4,2025-04-27,20250427,New business,39592.59,True,ERP simulada,False
297,618,7936,21,2,2025-09-07,20250907,New business,6553.22,True,ERP simulada,False
298,619,7945,6,5,2025-05-30,20250530,New business,33027.29,True,ERP simulada,False
299,620,7953,14,2,2025-01-31,20250131,New business,15535.7,True,ERP simulada,False
300,622,8006,17,2,2025-09-01,20250901,New business,53261.39,True,ERP simulada,False
301,624,8028,1,2,2024-11-04,20241104,New business,37930.34,True,ERP simulada,False
302,626,8039,5,3,2024-05-29,20240529,New business,44870.92,True,ERP simulada,False
303,627,8043,1,5,2025-03-29,20250329,New business,79471.23,True,ERP simulada,False
304,628,8055,10,2,2025-01-07,20250107,New business,25338.87,True,ERP simulada,False
305,632,8117,11,3,2024-04-21,20240421,New business,60679.49,True,ERP simulada,False
306,635,8146,11,5,2026-01-22,20260122,New business,598115.86,True,ERP simulada,False
307,639,8171,14,3,2024-04-18,20240418,New business,4306.99,True,ERP simulada,False
308,641,8214,13,1,2024-11-11,20241111,New business,46330.02,True,ERP simulada,False
309,642,8216,12,4,2024-06-06,20240606,New business,67178.87,True,ERP simulada,False
310,644,8312,13,1,2025-01-27,20250127,New business,1005211.83,True,ERP simulada,True
311,645,8332,8,2,2025-05-27,20250527,New business,7643.57,True,ERP simulada,False
312,646,8358,6,3,2024-05-24,20240524,New business,54192.37,True,ERP simulada,False
313,647,8364,12,5,2025-09-01,20250901,New business,16505.37,True,ERP simulada,False
314,648,8371,13,1,2025-07-01,20250701,New business,10329.31,True,ERP simulada,False
315,649,8409,9,3,2025-03-03,20250303,New business,25234.59,True,ERP simulada,False
316,651,8419,19,6,2024-07-27,20240727,New business,73115.09,True,ERP simulada,False
317,655,8470,16,2,2024-07-21,20240721,New business,11060.93,True,ERP simulada,False
318,656,8488,17,4,2025-03-19,20250319,New business,100229.49,True,ERP simulada,False
319,657,8495,14,1,2025-12-02,20251202,New business,63989.95,True,ERP simulada,False
320,659,8548,21,3,2024-10-02,20241002,New business,105847.06,True,ERP simulada,False
321,660,8561,20,3,2025-01-17,20250117,New business,11363.53,True,ERP simulada,False
322,661,8589,2,4,2025-10-01,20251001,New business,59900.0,True,ERP simulada,False
323,665,8628,15,3,2025-04-27,20250427,New business,26700.0,True,ERP simulada,False
324,669,8699,17,5,2024-05-30,20240530,New business,23101.71,True,ERP simulada,False
325,670,8710,6,4,2024-02-21,20240221,New business,246115.42,True,ERP simulada,False
326,671,8761,19,2,2024-03-31,20240331,New business,25548.59,True,ERP simulada,False
327,672,8790,1,1,2024-10-13,20241013,New business,71971.5,True,ERP simulada,False
328,678,8882,21,5,2024-06-13,20240613,New business,26167.58,True,ERP simulada,False
329,680,8920,2,3,2024-05-20,20240520,New business,229912.44,True,ERP simulada,True
330,683,8941,21,4,2024-12-04,20241204,New business,16647.18,True,ERP simulada,False
331,684,8956,1,1,2025-01-06,20250106,New business,106601.06,True,ERP simulada,False
332,685,8958,18,5,2025-12-20,20251220,New business,688664.82,True,ERP simulada,False
333,687,8991,21,6,2024-10-12,20241012,New business,32725.45,True,ERP simulada,False
334,689,9013,16,3,2024-10-13,20241013,New business,378934.39,True,ERP simulada,False
335,690,9020,21,4,2025-06-07,20250607,New business,30369.68,True,ERP simulada,False
336,692,9035,21,4,2025-09-01,20250901,New business,6665.65,True,ERP simulada,False
337,695,9076,10,2,2024-10-04,20241004,New business,22033.77,True,ERP simulada,False
338,696,9105,24,5,2025-07-27,20250727,New business,21861.76,True,ERP simulada,False
339,702,9229,11,3,2026-02-11,20260211,New business,83348.67,True,ERP simulada,False
340,705,9267,24,6,2024-06-20,20240620,New business,63309.69,True,ERP simulada,False
341,709,9331,16,6,2025-08-11,20250811,New business,28115.0,True,ERP simulada,False
342,713,9403,17,6,2025-12-07,20251207,New business,83314.76,True,ERP simulada,False
343,715,9417,11,3,2024-07-07,20240707,New business,862869.37,True,ERP simulada,False
344,716,9428,16,2,2026-01-03,20260103,New business,21682.43,True,ERP simulada,False
345,717,9432,4,5,2026-01-26,20260126,New business,17084.15,True,ERP simulada,False
346,718,9451,2,2,2024-11-11,20241111,New business,23080.3,True,ERP simulada,False
347,719,9454,21,1,2026-01-02,20260102,New business,44817.79,True,ERP simulada,False
348,720,9465,6,3,2024-06-16,20240616,New business,42809.26,True,ERP simulada,False
349,721,9471,7,2,2025-11-24,20251124,New business,82700.0,True,ERP simulada,False
350,723,9515,17,4,2025-12-13,20251213,New business,24140.13,True,ERP simulada,False
351,724,9523,14,1,2024-12-30,20241230,New business,345314.92,True,ERP simulada,False
352,727,9560,1,6,2025-04-17,20250417,New business,25865.21,True,ERP simulada,False
353,728,9562,13,5,2025-11-20,20251120,New business,31999.87,True,ERP simulada,False
354,729,9579,14,3,2024-06-02,20240602,New business,33407.08,True,ERP simulada,False
355,730,9592,19,1,2024-05-23,20240523,New business,11250.17,True,ERP simulada,False
356,732,9606,23,6,2024-08-03,20240803,New business,11276.05,True,ERP simulada,False
357,733,9613,22,2,2025-06-19,20250619,New business,34600.0,True,ERP simulada,False
358,736,9633,10,4,2024-09-26,20240926,New business,18217.03,True,ERP simulada,False
359,737,9635,16,1,2025-12-06,20251206,New business,40886.71,True,ERP simulada,False
360,740,9690,4,2,2024-11-05,20241105,New business,446597.61,True,ERP simulada,False
361,741,9700,3,1,2024-03-29,20240329,New business,21576.6,True,ERP simulada,False
362,746,9766,11,4,2025-08-25,20250825,New business,10818.14,True,ERP simulada,False
363,747,9784,22,1,2025-04-26,20250426,New business,100774.96,True,ERP simulada,False
364,749,9798,18,1,2025-07-30,20250730,New business,19185.63,True,ERP simulada,False
365,750,9819,7,3,2024-08-06,20240806,New business,35734.19,True,ERP simulada,False
366,752,9836,6,6,2025-08-15,20250815,New business,62521.12,True,ERP simulada,False
367,753,9837,18,1,2024-09-14,20240914,New business,92304.7,True,ERP simulada,False
368,756,9869,23,1,2024-08-14,20240814,New business,33154.52,True,ERP simulada,False
369,758,9882,21,3,2024-02-13,20240213,New business,436916.37,True,ERP simulada,False
370,760,9895,21,3,2025-05-28,20250528,New business,19977.84,True,ERP simulada,False
371,761,9911,16,1,2024-11-17,20241117,New business,17555.82,True,ERP simulada,False
372,763,9937,9,3,2024-11-04,20241104,New business,16739.91,True,ERP simulada,False
373,764,9952,1,4,2024-08-19,20240819,New business,22376.84,True,ERP simulada,False
374,765,9957,3,6,2025-09-08,20250908,New business,53520.51,True,ERP simulada,False
375,768,10024,17,5,2025-05-11,20250511,New business,22802.17,True,ERP simulada,False
376,770,10052,11,5,2024-05-05,20240505,New business,50228.89,True,ERP simulada,False
377,773,10063,16,1,2025-06-27,20250627,New business,64744.61,True,ERP simulada,False
378,774,10069,21,5,2025-12-03,20251203,New business,62103.12,True,ERP simulada,False
379,776,10108,22,2,2024-12-15,20241215,New business,226726.64,True,ERP simulada,False
380,777,10123,18,6,2025-12-03,20251203,New business,143799.27,True,ERP simulada,False
381,782,10183,14,5,2026-01-09,20260109,New business,17772.05,True,ERP simulada,False
382,784,10217,11,1,2025-01-14,20250114,New business,26186.32,True,ERP simulada,False
383,786,10232,4,1,2025-06-17,20250617,New business,9587.99,True,ERP simulada,False
384,788,10257,1,2,2025-01-03,20250103,New business,30217.83,True,ERP simulada,False
385,792,10297,21,5,2025-03-25,20250325,New business,79691.44,True,ERP simulada,False
386,795,10328,8,6,2025-03-06,20250306,New business,27524.99,True,ERP simulada,False
387,796,10343,11,1,2024-12-02,20241202,New business,13436.77,True,ERP simulada,False
388,798,10370,22,6,2024-11-24,20241124,New business,50454.48,True,ERP simulada,False
389,802,10407,17,3,2025-04-29,20250429,New business,13832.85,True,ERP simulada,False
390,803,10422,16,3,2025-03-19,20250319,New business,554343.72,True,ERP simulada,False
391,806,10451,21,4,2024-12-19,20241219,New business,148045.61,True,ERP simulada,False
392,807,10454,12,3,2024-11-28,20241128,New business,63958.38,True,ERP simulada,False
393,813,10472,23,3,2025-12-27,20251227,New business,36755.63,True,ERP simulada,False
394,820,10582,18,5,2025-10-16,20251016,New business,102996.18,True,ERP simulada,False
395,822,10629,11,5,2024-12-10,20241210,New business,79746.97,True,ERP simulada,False
396,825,10715,23,3,2025-01-11,20250111,New business,133342.49,True,ERP simulada,False
397,826,10724,2,3,2025-12-11,20251211,New business,18723.74,True,ERP simulada,False
398,828,10730,16,1,2025-06-26,20250626,New business,26962.63,True,ERP simulada,False
399,834,10780,16,1,2025-07-17,20250717,New business,65443.76,True,ERP simulada,False
400,836,10831,22,1,2025-04-13,20250413,New business,91326.53,True,ERP simulada,False
401,838,10858,21,3,2025-07-09,20250709,New business,135044.75,True,ERP simulada,False
402,839,10861,15,6,2026-01-31,20260131,New business,15670.45,True,ERP simulada,False
403,842,10874,18,1,2025-03-15,20250315,New business,17913.63,True,ERP simulada,False
404,844,10887,21,1,2024-07-18,20240718,New business,181360.34,True,ERP simulada,False
405,845,10902,5,4,2024-07-19,20240719,New business,16263.67,True,ERP simulada,False
406,849,10971,19,2,2025-02-28,20250228,New business,14335.9,True,ERP simulada,False
407,856,11045,2,2,2025-07-14,20250714,New business,115676.68,True,ERP simulada,False
408,859,11069,2,1,2025-05-10,20250510,New business,9568.11,True,ERP simulada,False
409,860,11071,16,1,2024-03-24,20240324,New business,8475.61,True,ERP simulada,False
410,862,11090,23,2,2024-04-17,20240417,New business,120628.18,True,ERP simulada,False
411,864,11108,3,6,2024-09-15,20240915,New business,299496.19,True,ERP simulada,False
412,866,11136,1,3,2026-02-04,20260204,New business,8698.68,True,ERP simulada,False
413,867,11144,19,3,2025-03-13,20250313,New business,14612.56,True,ERP simulada,False
414,868,11177,11,6,2025-11-18,20251118,New business,159618.64,True,ERP simulada,False
415,870,11184,16,2,2025-11-29,20251129,New business,6283.6,True,ERP simulada,False
416,872,11219,13,2,2025-07-05,20250705,New business,20861.66,True,ERP simulada,False
417,874,11254,22,3,2024-07-18,20240718,New business,13331.16,True,ERP simulada,False
418,875,11265,11,3,2025-05-21,20250521,New business,214955.09,True,ERP simulada,False
419,876,11270,21,1,2025-09-11,20250911,New business,82635.13,True,ERP simulada,False
420,879,11320,17,1,2025-09-06,20250906,New business,112238.91,True,ERP simulada,False
421,880,11333,23,1,2025-04-05,20250405,New business,20135.99,True,ERP simulada,False
422,882,11338,23,3,2024-06-21,20240621,New business,87174.31,True,ERP simulada,False
423,884,11343,21,5,2026-02-17,20260217,New business,208264.4,True,ERP simulada,False
424,885,11351,2,5,2025-10-23,20251023,New business,8112.95,True,ERP simulada,False
425,886,11373,24,5,2025-10-17,20251017,New business,15903.96,True,ERP simulada,False
426,890,11409,7,1,2026-02-11,20260211,New business,17717.94,True,ERP simulada,False
427,891,11411,14,2,2024-11-21,20241121,New business,82468.72,True,ERP simulada,False
428,892,11416,11,3,2024-07-01,20240701,New business,29566.11,True,ERP simulada,False
429,893,11419,9,1,2025-04-08,20250408,New business,9094.02,True,ERP simulada,False
430,894,11441,1,1,2024-09-12,20240912,New business,11430.28,True,ERP simulada,False
431,895,11448,4,5,2024-11-06,20241106,New business,12681.94,True,ERP simulada,False
432,897,11488,21,2,2025-12-18,20251218,New business,58164.72,True,ERP simulada,False
433,904,11583,14,1,2025-10-20,20251020,New business,68583.62,True,ERP simulada,False
434,912,11720,21,3,2024-07-23,20240723,New business,488571.06,True,ERP simulada,False
435,914,11729,6,5,2026-01-17,20260117,New business,95858.62,True,ERP simulada,False
436,917,11774,12,2,2024-04-09,20240409,New business,12705.64,True,ERP simulada,False
437,921,11798,14,1,2025-05-18,20250518,New business,22714.79,True,ERP simulada,False
438,922,11810,9,2,2024-08-12,20240812,New business,7612.88,True,ERP simulada,False
439,924,11822,16,5,2025-11-10,20251110,New business,23103.64,True,ERP simulada,False
440,926,11840,4,4,2025-09-17,20250917,New business,342883.32,True,ERP simulada,False
441,928,11856,6,2,2024-10-10,20241010,New business,22633.97,True,ERP simulada,False
442,930,11885,22,3,2024-04-21,20240421,New business,15852.62,True,ERP simulada,False
443,931,11906,24,6,2025-04-20,20250420,New business,84193.63,True,ERP simulada,False
444,935,11955,6,3,2025-04-11,20250411,New business,29185.73,True,ERP simulada,False
445,938,12031,2,6,2024-05-20,20240520,New business,19945.22,True,ERP simulada,False
446,940,12041,1,1,2024-06-22,20240622,New business,21057.37,True,ERP simulada,False
447,942,12065,16,5,2024-06-12,20240612,New business,242196.08,True,ERP simulada,False
448,943,12088,1,3,2025-02-09,20250209,New business,45597.07,True,ERP simulada,False
449,945,12112,23,5,2026-01-13,20260113,New business,24230.7,True,ERP simulada,False
450,946,12115,9,2,2024-07-04,20240704,New business,15500.8,True,ERP simulada,False
451,947,12144,24,6,2025-01-21,20250121,New business,68023.38,True,ERP simulada,False
452,948,12150,1,6,2024-05-15,20240515,New business,147000.43,True,ERP simulada,False
453,950,12180,13,2,2025-09-05,20250905,New business,81775.97,True,ERP simulada,False
454,952,12184,19,4,2025-10-28,20251028,New business,12186.76,True,ERP simulada,False
455,955,12210,12,5,2025-07-25,20250725,New business,15948.04,True,ERP simulada,False
456,956,12211,21,2,2024-11-22,20241122,New business,49813.17,True,ERP simulada,False
457,959,12225,10,4,2024-12-13,20241213,New business,10947.44,True,ERP simulada,False
458,960,12226,1,5,2024-04-20,20240420,New business,5044.81,True,ERP simulada,False
459,963,12250,24,2,2024-08-03,20240803,New business,26077.79,True,ERP simulada,False
460,964,12255,16,5,2024-02-24,20240224,New business,34972.28,True,ERP simulada,False
461,965,12265,22,5,2025-05-23,20250523,New business,166151.33,True,ERP simulada,False
462,968,12273,18,1,2024-07-15,20240715,New business,64130.83,True,ERP simulada,False
463,971,12390,21,4,2024-04-29,20240429,New business,42390.76,True,ERP simulada,False
464,972,12422,8,6,2025-09-25,20250925,New business,39718.32,True,ERP simulada,False
465,973,12434,1,1,2024-12-23,20241223,New business,10412.73,True,ERP simulada,False
466,974,12435,11,4,2025-03-05,20250305,New business,22189.43,True,ERP simulada,False
467,976,12465,13,4,2025-11-23,20251123,New business,301295.74,True,ERP simulada,False
468,977,12471,17,2,2024-11-08,20241108,New business,403124.67,True,ERP simulada,False
469,979,12485,21,5,2026-02-12,20260212,New business,19815.4,True,ERP simulada,False
470,981,12537,12,6,2024-05-25,20240525,New business,30864.94,True,ERP simulada,False
471,982,12547,13,2,2024-05-15,20240515,New business,10764.08,True,ERP simulada,False
472,983,12551,20,4,2025-06-11,20250611,New business,22057.54,True,ERP simulada,False
473,984,12560,2,2,2025-08-07,20250807,New business,56339.48,True,ERP simulada,False
474,985,12570,6,1,2024-03-24,20240324,New business,348462.71,True,ERP simulada,False
475,989,12581,1,1,2024-05-25,20240525,New business,16533.25,True,ERP simulada,False
476,994,12643,15,3,2024-06-07,20240607,New business,8253.95,True,ERP simulada,False
477,996,12695,14,1,2025-09-03,20250903,New business,15454.23,True,ERP simulada,False
478,997,12696,22,5,2025-08-27,20250827,New business,51381.72,True,ERP simulada,False
479,999,12716,8,6,2025-09-22,20250922,New business,13265.85,True,ERP simulada,False
480,1003,12775,21,2,2024-10-13,20241013,New business,91300.0,True,ERP simulada,False
481,1004,12795,7,3,2025-10-23,20251023,New business,77076.05,True,ERP simulada,False
482,1005,12797,16,2,2025-05-04,20250504,New business,43243.33,True,ERP simulada,False
483,1006,12813,2,6,2025-09-09,20250909,New business,14515.71,True,ERP simulada,False
484,1007,12822,18,6,2026-01-26,20260126,New business,453855.13,True,ERP simulada,False
485,1008,12841,18,6,2024-11-12,20241112,New business,6754.25,True,ERP simulada,False
486,1010,12876,16,4,2024-07-10,20240710,New business,20566.42,True,ERP simulada,False
487,1011,12879,6,6,2024-06-04,20240604,New business,42403.25,True,ERP simulada,False
488,1012,12896,13,2,2025-10-15,20251015,New business,85391.12,True,ERP simulada,False
489,1013,12902,12,2,2024-03-31,20240331,New business,45161.97,True,ERP simulada,False
490,1014,12907,9,1,2025-08-23,20250823,New business,27095.98,True,ERP simulada,False
491,1017,12927,11,1,2025-03-20,20250320,New business,24996.36,True,ERP simulada,False
492,1019,12977,22,3,2025-11-09,20251109,New business,141562.01,True,ERP simulada,False
493,1022,13019,19,1,2025-03-20,20250320,New business,17826.3,True,ERP simulada,False
494,1023,13021,15,3,2024-04-23,20240423,New business,12696.15,True,ERP simulada,False
495,1024,13053,23,3,2025-09-23,20250923,New business,21570.2,True,ERP simulada,False
496,1029,13099,11,2,2025-01-06,20250106,New business,77732.25,True,ERP simulada,False
497,1032,13114,7,3,2025-09-03,20250903,New business,34967.88,True,ERP simulada,False
498,1033,13119,11,1,2024-07-28,20240728,New business,115650.41,True,ERP simulada,False
499,1036,13140,1,4,2025-11-18,20251118,New business,16290.65,True,ERP simulada,False
500,1037,13151,21,1,2024-12-24,20241224,New business,39896.8,True,ERP simulada,False
501,1041,13197,16,5,2026-01-27,20260127,New business,35432.49,True,ERP simulada,False
502,1045,13268,8,5,2026-01-14,20260114,New business,13274.18,True,ERP simulada,False
503,1048,13301,1,4,2024-06-05,20240605,New business,48817.61,True,ERP simulada,False
504,1055,13347,16,1,2026-01-09,20260109,New business,223975.91,True,ERP simulada,False
505,1056,13356,12,5,2025-12-06,20251206,New business,109783.96,True,ERP simulada,False
506,1061,13402,17,3,2025-06-23,20250623,New business,68438.14,True,ERP simulada,False
507,1062,13408,1,3,2024-12-16,20241216,New business,19838.56,True,ERP simulada,False
508,1063,13413,13,5,2025-04-20,20250420,New business,10917.68,True,ERP simulada,False
509,1064,13427,21,5,2024-09-02,20240902,New business,152887.39,True,ERP simulada,False
510,1066,13456,8,2,2024-07-15,20240715,New business,42141.97,True,ERP simulada,False
511,1068,13518,13,5,2025-01-04,20250104,New business,27401.53,True,ERP simulada,False
512,1072,13606,12,3,2024-12-20,20241220,New business,242436.01,True,ERP simulada,False
513,1073,13617,1,5,2024-11-11,20241111,New business,19541.23,True,ERP simulada,False
514,1074,13632,18,3,2025-02-25,20250225,New business,58900.0,True,ERP simulada,False
515,1075,13639,11,4,2025-01-19,20250119,New business,58734.14,True,ERP simulada,False
516,1076,13664,14,3,2025-05-06,20250506,New business,48837.06,True,ERP simulada,False
517,1078,13678,18,1,2025-05-13,20250513,New business,66032.67,True,ERP simulada,False
518,1080,13727,1,4,2024-10-23,20241023,New business,86601.13,True,ERP simulada,False
519,1083,13746,21,1,2024-07-03,20240703,New business,74200.0,True,ERP simulada,False
520,1085,13818,18,1,2025-01-19,20250119,New business,6699.23,True,ERP simulada,False
521,1090,13901,7,1,2025-01-05,20250105,New business,47153.14,True,ERP simulada,False
522,1091,13902,20,1,2024-05-11,20240511,New business,10592.73,True,ERP simulada,False
523,1094,13915,24,1,2024-04-18,20240418,New business,9519.08,True,ERP simulada,False
524,1095,13918,6,1,2025-11-09,20251109,New business,10766.09,True,ERP simulada,False
525,1096,13924,14,3,2024-07-23,20240723,New business,20766.17,True,ERP simulada,False
526,1097,13928,17,2,2025-04-01,20250401,New business,158930.99,True,ERP simulada,False
527,1098,13948,3,1,2025-03-06,20250306,New business,13156.99,True,ERP simulada,False
528,1099,13965,24,1,2024-05-12,20240512,New business,64200.0,True,ERP simulada,False
529,1100,13989,11,3,2025-11-25,20251125,New business,134836.27,True,ERP simulada,False
530,1102,14005,14,5,2025-08-03,20250803,New business,14404.59,True,ERP simulada,False
531,1106,14054,1,6,2024-11-25,20241125,New business,12794.01,True,ERP simulada,False
532,1107,14065,23,3,2025-12-23,20251223,New business,58758.27,True,ERP simulada,False
533,1108,14086,7,1,2025-08-08,20250808,New business,50288.07,True,ERP simulada,False
534,1112,14115,14,3,2024-06-13,20240613,New business,30484.11,True,ERP simulada,False
535,1113,14117,2,1,2025-03-17,20250317,New business,8580.8,True,ERP simulada,False
536,1115,14135,19,3,2024-04-06,20240406,New business,54788.05,True,ERP simulada,False
537,1117,14155,22,2,2025-04-26,20250426,New business,52401.58,True,ERP simulada,False
538,1120,14235,12,3,2025-03-24,20250324,New business,200087.22,True,ERP simulada,False
539,1121,14236,12,3,2024-11-25,20241125,New business,12284.66,True,ERP simulada,False
540,1123,14283,16,6,2025-10-26,20251026,New business,495739.23,True,ERP simulada,False
541,1124,14284,3,4,2025-03-11,20250311,New business,105246.53,True,ERP simulada,False
542,1125,14296,18,3,2025-10-24,20251024,New business,10322.28,True,ERP simulada,False
543,1127,14318,21,6,2024-06-24,20240624,New business,16949.03,True,ERP simulada,False
544,1128,14336,21,5,2024-04-28,20240428,New business,14046.69,True,ERP simulada,False
545,1130,14369,6,3,2025-11-22,20251122,New business,36847.8,True,ERP simulada,False
546,1131,14386,22,3,2025-01-02,20250102,New business,19798.7,True,ERP simulada,False
547,1132,14397,1,2,2024-06-06,20240606,New business,116039.13,True,ERP simulada,False
548,1142,14490,12,3,2025-09-24,20250924,New business,9949.93,True,ERP simulada,False
549,1144,14500,11,3,2025-04-09,20250409,New business,49687.3,True,ERP simulada,False
550,1145,14503,3,6,2025-08-31,20250831,New business,11642.12,True,ERP simulada,False
551,1146,14504,3,3,2025-03-31,20250331,New business,35890.83,True,ERP simulada,False
552,1148,14550,23,1,2025-05-15,20250515,New business,5999.77,True,ERP simulada,False
553,1149,14559,6,5,2024-02-25,20240225,New business,25487.2,True,ERP simulada,False
554,1150,14562,7,6,2024-02-29,20240229,New business,40697.86,True,ERP simulada,False
555,1152,14571,16,3,2025-09-04,20250904,New business,61716.39,True,ERP simulada,False
556,1153,14578,10,1,2025-09-27,20250927,New business,37184.19,True,ERP simulada,False
557,1154,14581,15,5,2026-01-05,20260105,New business,360949.56,True,ERP simulada,False
558,1155,14589,1,5,2025-02-02,20250202,New business,47297.2,True,ERP simulada,False
559,1157,14629,12,5,2024-09-24,20240924,New business,18511.47,True,ERP simulada,False
560,1158,14634,1,1,2024-05-11,20240511,New business,12641.17,True,ERP simulada,False
561,1159,14642,1,2,2024-05-13,20240513,New business,110683.39,True,ERP simulada,False
562,1170,14759,20,3,2024-08-04,20240804,New business,20293.44,True,ERP simulada,False
563,1174,14787,6,6,2026-01-21,20260121,New business,68167.03,True,ERP simulada,False
564,1176,14795,3,4,2024-03-27,20240327,New business,64421.68,True,ERP simulada,False
565,1181,14870,7,5,2026-02-17,20260217,New business,46367.83,True,ERP simulada,False
566,1183,14897,1,5,2025-11-30,20251130,New business,40371.05,True,ERP simulada,False
567,1188,14949,14,5,2024-12-09,20241209,New business,123284.65,True,ERP simulada,False
568,1190,15011,17,1,2024-04-18,20240418,New business,40327.47,True,ERP simulada,False
569,1192,15031,21,3,2024-12-31,20241231,New business,36579.3,True,ERP simulada,False
570,1195,15067,1,3,2024-10-02,20241002,New business,12008.97,True,ERP simulada,False
571,1196,15071,14,5,2024-12-08,20241208,New business,115700.0,True,ERP simulada,False
572,1200,15116,6,5,2024-11-19,20241119,New business,9698.69,True,ERP simulada,False
573,1201,15122,23,3,2026-03-04,20260304,New business,44285.7,True,ERP simulada,False
574,1202,15125,13,3,2024-12-04,20241204,New business,13728.58,True,ERP simulada,False
575,1205,15200,21,6,2025-03-23,20250323,New business,25546.62,True,ERP simulada,False
576,1207,15228,15,2,2025-08-19,20250819,New business,189754.43,True,ERP simulada,False
577,1208,15243,9,5,2025-01-25,20250125,New business,24330.11,True,ERP simulada,False
578,1209,15244,6,4,2025-10-07,20251007,New business,13406.97,True,ERP simulada,False
579,1214,15284,11,1,2025-12-31,20251231,New business,326946.42,True,ERP simulada,False
580,1218,15310,1,1,2026-02-23,20260223,New business,26232.9,True,ERP simulada,False
581,1219,15332,21,3,2024-08-27,20240827,New business,36075.48,True,ERP simulada,False
582,1220,15345,18,2,2024-10-08,20241008,New business,39002.57,True,ERP simulada,False
583,1221,15357,9,4,2024-02-14,20240214,New business,6332.36,True,ERP simulada,False
584,1224,15385,7,6,2025-09-28,20250928,New business,68461.52,True,ERP simulada,False
585,1225,15434,13,4,2025-08-25,20250825,New business,40620.93,True,ERP simulada,False
586,1226,15442,24,4,2025-10-30,20251030,New business,10530.93,True,ERP simulada,False
587,1232,15477,3,3,2025-09-28,20250928,New business,38416.07,True,ERP simulada,False
588,1236,15497,16,2,2025-10-29,20251029,New business,164060.23,True,ERP simulada,False
589,1239,15504,11,3,2026-01-17,20260117,New business,44600.0,True,ERP simulada,False
590,1243,15533,12,1,2026-03-17,20260317,New business,105859.05,True,ERP simulada,False
591,1247,15604,6,3,2025-03-02,20250302,New business,66804.35,True,ERP simulada,False
592,1250,15627,2,1,2024-07-11,20240711,New business,29970.01,True,ERP simulada,False
593,1253,15660,20,5,2026-01-10,20260110,New business,58649.09,True,ERP simulada,False
594,1254,15665,1,3,2025-09-26,20250926,New business,34250.74,True,ERP simulada,False
595,1256,15681,14,6,2025-04-23,20250423,New business,272882.24,True,ERP simulada,False
596,1258,15717,2,2,2024-11-08,20241108,New business,6778.07,True,ERP simulada,False
597,1260,15736,21,1,2024-12-23,20241223,New business,29474.6,True,ERP simulada,False
598,1263,15780,6,6,2025-11-17,20251117,New business,19005.85,True,ERP simulada,False
599,1264,15808,10,3,2025-10-21,20251021,New business,121931.88,True,ERP simulada,False
600,1265,15815,1,5,2024-12-09,20241209,New business,212766.75,True,ERP simulada,False
601,1266,15821,6,3,2025-10-26,20251026,New business,73047.58,True,ERP simulada,False
602,1267,15822,21,5,2025-02-04,20250204,New business,49833.17,True,ERP simulada,False
603,1269,15833,6,3,2024-09-05,20240905,New business,138868.23,True,ERP simulada,False
604,1272,15850,11,5,2024-03-23,20240323,New business,73660.07,True,ERP simulada,False
605,1275,15867,21,6,2024-08-16,20240816,New business,182013.99,True,ERP simulada,False
606,1276,15880,20,1,2024-04-20,20240420,New business,61314.93,True,ERP simulada,False
607,1277,15900,17,4,2024-06-27,20240627,New business,44281.19,True,ERP simulada,False
608,1279,15909,16,4,2025-07-07,20250707,New business,12663.38,True,ERP simulada,False
609,1283,15953,21,2,2025-04-17,20250417,New business,11437.9,True,ERP simulada,False
610,1284,15977,20,1,2025-01-17,20250117,New business,30241.93,True,ERP simulada,False
611,1285,15995,24,1,2025-10-14,20251014,New business,398735.91,True,ERP simulada,False
612,1286,15996,14,4,2025-08-02,20250802,New business,32241.49,True,ERP simulada,False
613,1288,16066,2,2,2025-12-15,20251215,New business,307238.86,True,ERP simulada,False
614,1289,16079,21,2,2025-01-27,20250127,New business,122411.28,True,ERP simulada,False
615,1290,16082,14,1,2025-05-20,20250520,New business,16301.66,True,ERP simulada,False
616,1293,16108,20,3,2025-06-17,20250617,New business,133493.92,True,ERP simulada,False
617,1295,16165,11,5,2026-01-19,20260119,New business,30826.36,True,ERP simulada,False
618,1297,16188,16,5,2024-07-27,20240727,New business,170327.03,True,ERP simulada,False
619,1299,16221,11,6,2025-11-01,20251101,New business,31751.77,True,ERP simulada,False
620,1300,16236,13,2,2026-03-08,20260308,New business,90181.0,True,ERP simulada,False
621,1303,16249,16,5,2024-12-21,20241221,New business,27117.99,True,ERP simulada,False
622,1304,16257,3,6,2024-02-29,20240229,New business,62732.1,True,ERP simulada,False
623,1307,16276,2,3,2025-05-18,20250518,New business,299947.25,True,ERP simulada,False
624,1308,16304,14,6,2024-03-19,20240319,New business,32140.25,True,ERP simulada,False
625,1310,16322,21,6,2025-05-08,20250508,New business,35403.61,True,ERP simulada,False
626,1311,16331,1,4,2024-09-04,20240904,New business,29823.82,True,ERP simulada,False
627,1313,16368,21,5,2026-02-23,20260223,New business,11315.23,True,ERP simulada,False
628,1314,16370,21,3,2025-10-19,20251019,New business,82753.73,True,ERP simulada,False
629,1316,16390,17,1,2024-04-02,20240402,New business,11479.75,True,ERP simulada,False
630,1317,16392,13,1,2025-08-06,20250806,New business,35943.58,True,ERP simulada,False
631,1319,16409,6,1,2024-03-13,20240313,New business,53712.2,True,ERP simulada,False
632,1322,16446,22,3,2025-10-17,20251017,New business,188743.8,True,ERP simulada,False
633,1324,16496,18,1,2025-09-11,20250911,New business,100240.76,True,ERP simulada,False
634,1325,16540,11,5,2024-05-06,20240506,New business,314180.1,True,ERP simulada,False
635,1326,16577,24,4,2024-05-21,20240521,New business,89813.45,True,ERP simulada,False
636,1328,16612,7,6,2024-09-08,20240908,New business,35645.23,True,ERP simulada,False
637,1330,16635,11,6,2025-04-28,20250428,New business,108711.38,True,ERP simulada,False
638,1331,16641,11,5,2024-06-12,20240612,New business,62284.91,True,ERP simulada,False
639,1332,16644,3,4,2024-10-11,20241011,New business,10324.38,True,ERP simulada,False
640,1333,16651,7,1,2025-05-16,20250516,New business,31681.0,True,ERP simulada,False
641,1334,16659,7,2,2025-11-10,20251110,New business,47084.24,True,ERP simulada,False
642,1335,16667,12,2,2024-09-23,20240923,New business,23498.63,True,ERP simulada,False
643,1336,16677,7,3,2024-09-17,20240917,New business,17454.07,True,ERP simulada,False
644,1337,16680,16,4,2025-10-14,20251014,New business,70600.0,True,ERP simulada,False
645,1339,16708,20,4,2024-12-16,20241216,New business,49773.48,True,ERP simulada,False
646,1343,16800,18,6,2025-05-25,20250525,New business,49416.58,True,ERP simulada,False
647,1344,16816,12,1,2025-06-12,20250612,New business,304400.29,True,ERP simulada,False
648,1350,16893,12,6,2024-07-30,20240730,New business,552457.14,True,ERP simulada,False
649,1357,16967,2,1,2025-07-07,20250707,New business,69382.74,True,ERP simulada,False
650,1358,16977,16,2,2025-10-24,20251024,New business,15604.13,True,ERP simulada,False
651,1360,16997,23,1,2025-02-07,20250207,New business,26391.16,True,ERP simulada,False
652,1362,17058,7,3,2024-10-26,20241026,New business,77582.8,True,ERP simulada,False
653,1364,17092,11,5,2025-09-07,20250907,New business,8321.3,True,ERP simulada,False
654,1365,17099,11,6,2025-11-12,20251112,New business,54197.63,True,ERP simulada,False
655,1366,17115,1,5,2024-12-11,20241211,New business,33701.03,True,ERP simulada,False
656,1368,17138,14,2,2025-04-01,20250401,New business,30263.48,True,ERP simulada,False
657,1369,17153,7,1,2025-01-11,20250111,New business,11219.81,True,ERP simulada,False
658,1372,17199,22,3,2024-08-01,20240801,New business,59207.67,True,ERP simulada,False
659,1373,17205,3,6,2024-11-22,20241122,New business,15907.07,True,ERP simulada,False
660,1376,17244,21,5,2025-11-23,20251123,New business,20561.28,True,ERP simulada,False
661,1380,17282,13,2,2024-03-21,20240321,New business,5999.19,True,ERP simulada,False
662,1384,17332,2,2,2025-06-19,20250619,New business,26267.3,True,ERP simulada,False
663,1386,17371,3,6,2024-07-27,20240727,New business,10345.87,True,ERP simulada,False
664,1387,17389,1,1,2025-01-03,20250103,New business,69069.56,True,ERP simulada,False
665,1392,17487,1,5,2025-09-03,20250903,New business,76460.0,True,ERP simulada,False
666,1393,17505,11,1,2024-07-27,20240727,New business,27196.98,True,ERP simulada,False
667,1396,17575,21,5,2026-02-08,20260208,New business,98726.48,True,ERP simulada,False
668,1397,17594,23,2,2025-11-04,20251104,New business,39987.03,True,ERP simulada,False
669,1403,17670,17,4,2024-08-14,20240814,New business,29873.27,True,ERP simulada,False
670,1406,17710,19,3,2024-02-19,20240219,New business,68192.48,True,ERP simulada,False
671,1408,17733,22,4,2024-11-20,20241120,New business,198931.43,True,ERP simulada,False
672,1413,17782,9,1,2025-04-04,20250404,New business,41461.87,True,ERP simulada,False
673,1415,17798,11,6,2024-03-13,20240313,New business,34829.59,True,ERP simulada,False
674,1418,17810,1,5,2024-07-04,20240704,New business,30859.73,True,ERP simulada,False
675,1420,17833,1,3,2025-06-17,20250617,New business,16288.62,True,ERP simulada,False
676,1421,17847,20,2,2025-12-26,20251226,New business,18729.87,True,ERP simulada,False
677,1424,17898,11,4,2024-10-16,20241016,New business,25908.18,True,ERP simulada,False
678,1427,17921,2,3,2025-11-25,20251125,New business,7362.89,True,ERP simulada,False
679,1428,17923,15,1,2025-01-30,20250130,New business,16695.58,True,ERP simulada,False
680,1431,17951,10,3,2025-05-25,20250525,New business,255462.07,True,ERP simulada,False
681,1433,17981,13,3,2026-01-23,20260123,New business,22668.35,True,ERP simulada,False
682,1436,17998,6,3,2025-12-13,20251213,New business,47596.62,True,ERP simulada,False
683,1440,18036,21,6,2026-02-23,20260223,New business,60050.83,True,ERP simulada,False
684,1441,18043,19,5,2025-08-23,20250823,New business,12899.66,True,ERP simulada,False
685,1442,18046,22,3,2024-04-07,20240407,New business,68474.15,True,ERP simulada,False
686,1445,18067,2,6,2025-04-21,20250421,New business,16650.1,True,ERP simulada,False
687,1448,18113,10,6,2025-07-22,20250722,New business,124699.06,True,ERP simulada,False
688,1449,18119,13,1,2024-05-17,20240517,New business,68805.43,True,ERP simulada,False
689,1451,18161,19,3,2024-06-29,20240629,New business,60323.83,True,ERP simulada,False
690,1452,18162,11,5,2024-08-10,20240810,New business,69385.05,True,ERP simulada,False
691,1453,18223,11,6,2025-09-25,20250925,New business,42253.42,True,ERP simulada,False
692,1454,18248,17,3,2025-08-31,20250831,New business,29674.62,True,ERP simulada,False
693,1455,18259,6,4,2024-05-27,20240527,New business,10059.76,True,ERP simulada,False
694,1457,18302,6,4,2024-11-19,20241119,New business,6943.25,True,ERP simulada,False
695,1459,18318,11,2,2024-10-04,20241004,New business,12263.84,True,ERP simulada,False
696,1463,18348,11,2,2025-05-27,20250527,New business,25059.56,True,ERP simulada,False
697,1468,18468,6,3,2025-05-07,20250507,New business,32136.44,True,ERP simulada,False
698,1469,18476,16,1,2026-01-31,20260131,New business,6692.82,True,ERP simulada,False
699,1470,18488,13,3,2025-04-05,20250405,New business,40513.26,True,ERP simulada,False
700,1471,18498,16,2,2024-07-19,20240719,New business,84721.89,True,ERP simulada,False
701,1472,18506,24,5,2024-10-01,20241001,New business,34596.67,True,ERP simulada,False
702,1473,18520,1,4,2025-12-01,20251201,New business,9438.57,True,ERP simulada,False
703,1474,18526,13,3,2024-06-19,20240619,New business,6679.09,True,ERP simulada,False
704,1476,18542,9,5,2024-07-24,20240724,New business,6947.77,True,ERP simulada,False
705,1477,18547,2,6,2025-04-10,20250410,New business,39807.91,True,ERP simulada,False
706,1480,18588,13,1,2024-07-08,20240708,New business,89964.47,True,ERP simulada,False
707,1481,18596,1,6,2024-10-24,20241024,New business,19100.98,True,ERP simulada,False
708,1482,18601,6,6,2024-07-25,20240725,New business,43089.22,True,ERP simulada,False
709,1484,18626,21,6,2025-01-05,20250105,New business,122605.02,True,ERP simulada,False
710,1487,18648,13,4,2024-11-18,20241118,New business,10913.22,True,ERP simulada,False
711,1489,18656,18,5,2024-03-29,20240329,New business,47845.07,True,ERP simulada,False
712,1490,18658,5,3,2024-09-02,20240902,New business,43816.49,True,ERP simulada,False
713,1492,18705,7,1,2024-02-24,20240224,New business,20181.38,True,ERP simulada,False
714,1495,18721,16,1,2024-12-17,20241217,New business,23286.79,True,ERP simulada,False
715,1496,18723,12,3,2025-05-09,20250509,New business,43966.35,True,ERP simulada,False
716,1497,18766,18,2,2025-10-29,20251029,New business,7818.25,True,ERP simulada,False
717,1498,18786,3,1,2025-01-22,20250122,New business,31937.2,True,ERP simulada,False
718,1500,18809,13,3,2024-09-01,20240901,New business,144212.59,True,ERP simulada,False
719,1503,18840,18,2,2025-01-29,20250129,New business,66057.77,True,ERP simulada,False
720,1504,18843,11,1,2026-01-25,20260125,New business,48884.72,True,ERP simulada,False
721,1509,18942,22,6,2025-09-01,20250901,New business,39610.58,True,ERP simulada,False
722,1511,18959,21,3,2024-08-30,20240830,New business,18558.03,True,ERP simulada,False
723,1513,18985,15,4,2025-11-10,20251110,New business,13395.78,True,ERP simulada,False
724,1514,18987,11,6,2024-04-16,20240416,New business,260221.12,True,ERP simulada,False
725,1515,19000,4,6,2025-05-21,20250521,New business,34455.1,True,ERP simulada,False
726,1524,19136,8,2,2025-02-19,20250219,New business,86122.15,True,ERP simulada,False
727,1528,19221,9,2,2025-01-12,20250112,New business,100989.24,True,ERP simulada,False
728,1529,19226,6,5,2024-09-15,20240915,New business,24861.28,True,ERP simulada,False
729,1532,19243,12,3,2025-07-08,20250708,New business,11244.96,True,ERP simulada,False
730,1534,19263,16,5,2025-07-11,20250711,New business,15154.28,True,ERP simulada,False
731,1535,19277,15,1,2025-01-29,20250129,New business,529977.56,True,ERP simulada,False
732,1536,19280,11,5,2024-09-21,20240921,New business,112065.67,True,ERP simulada,False
733,1537,19311,11,3,2024-07-11,20240711,New business,92177.16,True,ERP simulada,False
734,1539,19332,16,3,2024-07-23,20240723,New business,35894.51,True,ERP simulada,False
735,1540,19339,6,2,2024-10-26,20241026,New business,56023.05,True,ERP simulada,False
736,1543,19374,17,3,2025-05-17,20250517,New business,235193.97,True,ERP simulada,False
737,1546,19439,19,1,2025-04-26,20250426,New business,34806.85,True,ERP simulada,False
738,1550,19486,12,1,2024-03-22,20240322,New business,12957.3,True,ERP simulada,False
739,1552,19490,21,5,2024-11-06,20241106,New business,32289.01,True,ERP simulada,False
740,1556,19521,7,5,2026-01-11,20260111,New business,35971.49,True,ERP simulada,False
741,1557,19528,22,3,2025-11-01,20251101,New business,69557.85,True,ERP simulada,False
742,1559,19538,13,3,2025-01-25,20250125,New business,78407.55,True,ERP simulada,False
743,1560,19569,21,4,2025-09-25,20250925,New business,10316.36,True,ERP simulada,False
744,1561,19578,7,5,2025-04-29,20250429,New business,27699.83,True,ERP simulada,False
745,1564,19644,18,2,2025-06-19,20250619,New business,115167.51,True,ERP simulada,False
746,1565,19646,1,2,2025-01-08,20250108,New business,287086.22,True,ERP simulada,False
747,1567,19672,1,3,2025-08-17,20250817,New business,600381.44,True,ERP simulada,False
748,1570,19711,7,6,2025-03-09,20250309,New business,18975.66,True,ERP simulada,False
749,1571,19718,11,4,2024-08-07,20240807,New business,10106.92,True,ERP simulada,False
750,1572,19722,16,3,2024-05-07,20240507,New business,66417.77,True,ERP simulada,False
751,1573,19742,11,4,2025-03-08,20250308,New business,87933.83,True,ERP simulada,False
752,1578,19868,11,4,2025-08-05,20250805,New business,15699.03,True,ERP simulada,False
753,1580,19882,21,5,2024-11-04,20241104,New business,25399.59,True,ERP simulada,False
754,1581,19891,14,1,2025-07-02,20250702,New business,34716.17,True,ERP simulada,False
755,1582,19907,21,4,2025-04-15,20250415,New business,394427.67,True,ERP simulada,False
756,1583,19948,13,3,2024-12-20,20241220,New business,26411.0,True,ERP simulada,False
757,1584,19950,23,3,2024-05-02,20240502,New business,10424.37,True,ERP simulada,False
758,1585,19961,7,4,2025-01-12,20250112,New business,51694.44,True,ERP simulada,False
759,1589,19998,18,5,2024-08-29,20240829,New business,215265.78,True,ERP simulada,False
760,1591,20009,12,1,2024-06-08,20240608,New business,558672.29,True,ERP simulada,False
761,1592,20010,6,3,2024-06-24,20240624,New business,62304.13,True,ERP simulada,False
762,1594,20064,12,3,2026-03-20,20260320,New business,19422.77,True,ERP simulada,False
763,1595,20066,22,3,2025-02-08,20250208,New business,40095.01,True,ERP simulada,False
764,1598,20133,5,3,2024-09-28,20240928,New business,15263.17,True,ERP simulada,False
765,1599,20153,22,1,2024-12-03,20241203,New business,23917.43,True,ERP simulada,False
766,1601,20187,21,5,2025-08-02,20250802,New business,18136.27,True,ERP simulada,False
767,1602,20194,21,2,2024-09-07,20240907,New business,86536.56,True,ERP simulada,False
768,1604,20200,13,1,2025-12-18,20251218,New business,27896.15,True,ERP simulada,False
769,1606,20251,21,3,2025-03-29,20250329,New business,171300.0,True,ERP simulada,False
770,1607,20263,9,3,2025-02-10,20250210,New business,127683.77,True,ERP simulada,False
771,1610,20299,7,3,2025-12-07,20251207,New business,15608.86,True,ERP simulada,False
772,1611,20306,2,4,2025-08-25,20250825,New business,25700.0,True,ERP simulada,False
773,1615,20358,17,3,2026-01-08,20260108,New business,75683.72,True,ERP simulada,False
774,1616,20420,14,1,2025-09-19,20250919,New business,222919.51,True,ERP simulada,False
775,1618,20428,13,3,2024-06-25,20240625,New business,10996.32,True,ERP simulada,False
776,1619,20453,15,3,2024-09-12,20240912,New business,20317.31,True,ERP simulada,False
777,1621,20537,5,1,2026-01-11,20260111,New business,10273.67,True,ERP simulada,False
778,1623,20547,11,2,2024-08-05,20240805,New business,52874.54,True,ERP simulada,False
779,1625,20593,16,2,2024-03-30,20240330,New business,38581.6,True,ERP simulada,False
780,1626,20602,1,5,2025-11-26,20251126,New business,46719.33,True,ERP simulada,False
781,1629,20626,7,1,2024-07-31,20240731,New business,100678.87,True,ERP simulada,False
782,1630,20632,16,3,2024-09-13,20240913,New business,50430.75,True,ERP simulada,False
783,1631,20637,16,4,2025-11-01,20251101,New business,16993.55,True,ERP simulada,False
784,1632,20643,1,5,2025-09-11,20250911,New business,890916.41,True,ERP simulada,False
785,1633,20645,1,3,2024-05-09,20240509,New business,57198.87,True,ERP simulada,False
786,1634,20659,1,6,2026-01-04,20260104,New business,52246.96,True,ERP simulada,False
787,1635,20670,16,1,2025-02-05,20250205,New business,387002.52,True,ERP simulada,False
788,1637,20699,14,6,2025-10-04,20251004,New business,26754.75,True,ERP simulada,False
789,1643,20853,19,4,2025-09-11,20250911,New business,20797.76,True,ERP simulada,False
790,1644,20897,16,3,2025-05-08,20250508,New business,135076.25,True,ERP simulada,False
791,1646,20920,11,6,2025-04-21,20250421,New business,226290.41,True,ERP simulada,False
792,1648,20959,23,4,2024-11-15,20241115,New business,36368.2,True,ERP simulada,False
793,1650,20967,20,1,2024-07-27,20240727,New business,37658.34,True,ERP simulada,False
794,1654,21038,21,4,2025-11-20,20251120,New business,59257.21,True,ERP simulada,False
795,1655,21050,1,2,2025-12-04,20251204,New business,62894.68,True,ERP simulada,False
796,1656,21054,1,3,2025-09-23,20250923,New business,678851.04,True,ERP simulada,False
797,1657,21055,11,1,2025-07-25,20250725,New business,46772.64,True,ERP simulada,False
798,1658,21077,18,5,2026-02-15,20260215,New business,15000.84,True,ERP simulada,False
799,1660,21083,6,6,2025-02-17,20250217,New business,717266.64,True,ERP simulada,False
800,1664,21110,16,5,2025-07-01,20250701,New business,185253.98,True,ERP simulada,False
801,1666,21129,23,1,2025-07-09,20250709,New business,22211.58,True,ERP simulada,False
802,1668,21162,16,3,2025-12-13,20251213,New business,28977.38,True,ERP simulada,False
803,1672,21212,16,6,2025-09-27,20250927,New business,21200.0,True,ERP simulada,False
804,1673,21219,9,1,2024-12-24,20241224,New business,25995.53,True,ERP simulada,False
805,1675,21236,21,1,2024-08-11,20240811,New business,10979.68,True,ERP simulada,False
806,1677,21243,6,4,2025-01-09,20250109,New business,45186.7,True,ERP simulada,False
807,1678,21248,23,5,2024-12-31,20241231,New business,15941.86,True,ERP simulada,False
808,1679,21256,17,4,2024-08-21,20240821,New business,18603.41,True,ERP simulada,False
809,1680,21262,19,2,2025-06-20,20250620,New business,91008.59,True,ERP simulada,False
810,1685,21369,17,1,2025-06-10,20250610,New business,51461.96,True,ERP simulada,False
811,1688,21383,13,2,2025-02-24,20250224,New business,25055.24,True,ERP simulada,False
812,1689,21384,20,3,2024-03-24,20240324,New business,28336.96,True,ERP simulada,False
813,1690,21407,22,4,2025-11-28,20251128,New business,18009.3,True,ERP simulada,False
814,1692,21441,21,5,2025-01-09,20250109,New business,98676.05,True,ERP simulada,False
815,1693,21458,1,4,2024-12-28,20241228,New business,21100.0,True,ERP simulada,False
816,1695,21481,18,5,2025-08-17,20250817,New business,19080.81,True,ERP simulada,False
817,1696,21496,1,4,2024-10-12,20241012,New business,13611.38,True,ERP simulada,False
818,1697,21517,2,1,2024-11-13,20241113,New business,24427.52,True,ERP simulada,False
819,1698,21520,2,6,2025-06-29,20250629,New business,25084.16,True,ERP simulada,False
820,1699,21541,16,4,2025-07-20,20250720,New business,4771.42,True,ERP simulada,False
821,1700,21569,6,2,2024-07-31,20240731,New business,9482.13,True,ERP simulada,False
822,1703,21615,8,4,2025-09-15,20250915,New business,169768.09,True,ERP simulada,False
823,1708,21668,11,5,2024-10-19,20241019,New business,8416.0,True,ERP simulada,False
824,1710,21692,13,4,2025-07-21,20250721,New business,18509.24,True,ERP simulada,False
825,1711,21697,21,4,2024-07-09,20240709,New business,56414.74,True,ERP simulada,False
826,1712,21711,6,6,2025-11-24,20251124,New business,283603.55,True,ERP simulada,False
827,1713,21715,10,2,2026-01-23,20260123,New business,9559.84,True,ERP simulada,False
828,1714,21720,12,3,2025-04-30,20250430,New business,23503.95,True,ERP simulada,False
829,1715,21727,16,6,2026-02-06,20260206,New business,27557.41,True,ERP simulada,False
830,1716,21763,14,1,2025-02-20,20250220,New business,8576.2,True,ERP simulada,False
831,1717,21771,16,2,2025-05-14,20250514,New business,33402.11,True,ERP simulada,False
832,1718,21785,21,5,2024-04-10,20240410,New business,41922.65,True,ERP simulada,False
833,1719,21786,23,5,2025-02-25,20250225,New business,19100.0,True,ERP simulada,False
834,1720,21793,4,1,2025-09-11,20250911,New business,15701.88,True,ERP simulada,False
835,1721,21795,24,4,2025-12-23,20251223,New business,59620.4,True,ERP simulada,False
836,1723,21814,18,2,2025-10-16,20251016,New business,6900.0,True,ERP simulada,False
837,1726,21823,6,3,2025-04-05,20250405,New business,305400.0,True,ERP simulada,False
838,1727,21833,17,3,2025-10-20,20251020,New business,31300.0,True,ERP simulada,False
839,1728,21836,12,1,2025-12-21,20251221,New business,51205.12,True,ERP simulada,False
840,1729,21856,6,5,2024-08-04,20240804,New business,95247.11,True,ERP simulada,False
841,1731,21892,7,3,2026-02-05,20260205,New business,120671.83,True,ERP simulada,False
842,1732,21907,1,3,2024-04-13,20240413,New business,273176.41,True,ERP simulada,False
843,1735,21951,16,1,2024-09-05,20240905,New business,100185.0,True,ERP simulada,False
844,1736,22001,17,3,2024-06-02,20240602,New business,312920.58,True,ERP simulada,False
845,1738,22023,14,4,2025-05-24,20250524,New business,37407.98,True,ERP simulada,False
846,1740,22109,1,1,2024-10-18,20241018,New business,86113.86,True,ERP simulada,False
847,1741,22120,17,1,2024-06-01,20240601,New business,211044.04,True,ERP simulada,False
848,1742,22140,1,3,2024-12-06,20241206,New business,160203.32,True,ERP simulada,False
849,1743,22153,16,5,2025-07-04,20250704,New business,13080.22,True,ERP simulada,False
850,1746,22168,1,2,2024-04-10,20240410,New business,44572.21,True,ERP simulada,False
851,1747,22173,1,6,2025-04-06,20250406,New business,97542.88,True,ERP simulada,False
852,1748,22187,22,1,2024-09-03,20240903,New business,157905.95,True,ERP simulada,False
853,1749,22195,23,3,2024-07-09,20240709,New business,17300.23,True,ERP simulada,False
854,1750,22204,19,5,2024-08-12,20240812,New business,123122.28,True,ERP simulada,False
855,1751,22222,4,1,2024-09-21,20240921,New business,120929.98,True,ERP simulada,False
856,1752,22245,6,4,2025-11-26,20251126,New business,22168.65,True,ERP simulada,False
857,1753,22269,7,3,2026-03-21,20260321,New business,25194.04,True,ERP simulada,False
858,1758,22341,12,4,2024-08-30,20240830,New business,151531.03,True,ERP simulada,False
859,1762,22386,3,6,2025-04-14,20250414,New business,24689.65,True,ERP simulada,False
860,1763,22398,1,3,2024-08-15,20240815,New business,30848.89,True,ERP simulada,False
861,1764,22410,9,3,2024-12-21,20241221,New business,26100.55,True,ERP simulada,False
862,1774,22517,18,2,2024-06-19,20240619,New business,341536.02,True,ERP simulada,False
863,1775,22538,21,5,2025-05-30,20250530,New business,94304.59,True,ERP simulada,False
864,1776,22554,17,3,2025-04-11,20250411,New business,3754.63,True,ERP simulada,False
865,1777,22556,6,2,2024-05-01,20240501,New business,94255.32,True,ERP simulada,False
866,1778,22557,1,3,2024-04-11,20240411,New business,98001.48,True,ERP simulada,False
867,1779,22567,20,2,2024-11-21,20241121,New business,5038.54,True,ERP simulada,False
868,1780,22578,7,4,2025-09-09,20250909,New business,15673.56,True,ERP simulada,False
869,1781,22581,16,3,2025-08-09,20250809,New business,21317.48,True,ERP simulada,False
870,1782,22596,11,6,2025-09-18,20250918,New business,61799.63,True,ERP simulada,False
871,1786,22637,10,4,2024-12-23,20241223,New business,54798.0,True,ERP simulada,False
872,1787,22655,11,1,2025-10-21,20251021,New business,12456.79,True,ERP simulada,False
873,1789,22678,16,1,2025-02-04,20250204,New business,14283.97,True,ERP simulada,False
874,1790,22695,13,3,2026-01-20,20260120,New business,8107.96,True,ERP simulada,False
875,1791,22699,11,4,2025-12-11,20251211,New business,15870.1,True,ERP simulada,False
876,1792,22711,12,5,2024-05-06,20240506,New business,8503.36,True,ERP simulada,False
877,1794,22732,3,2,2024-09-28,20240928,New business,36331.72,True,ERP simulada,False
878,1795,22754,13,5,2025-02-05,20250205,New business,14914.51,True,ERP simulada,False
879,1796,22765,3,1,2026-02-04,20260204,New business,62725.45,True,ERP simulada,False
880,1799,22788,3,3,2025-10-22,20251022,New business,17085.62,True,ERP simulada,False
881,1800,22802,7,4,2024-08-19,20240819,New business,19837.23,True,ERP simulada,False
882,1801,22838,19,3,2025-03-13,20250313,New business,131758.55,True,ERP simulada,False
883,1802,22860,6,4,2024-06-24,20240624,New business,10562.15,True,ERP simulada,False
884,1804,22888,3,6,2025-10-09,20251009,New business,23819.12,True,ERP simulada,False
885,1811,22931,10,3,2024-09-05,20240905,New business,103280.31,True,ERP simulada,False
886,1813,22948,16,5,2024-02-28,20240228,New business,90424.84,True,ERP simulada,False
887,1814,22987,8,2,2026-02-12,20260212,New business,8891.7,True,ERP simulada,False
888,1815,23011,14,1,2024-09-06,20240906,New business,11733.66,True,ERP simulada,False
889,1816,23021,21,6,2025-04-01,20250401,New business,14975.3,True,ERP simulada,False
890,1818,23031,11,3,2025-10-14,20251014,New business,84441.71,True,ERP simulada,False
891,1819,23032,21,3,2025-03-05,20250305,New business,70262.91,True,ERP simulada,False
892,1824,23094,12,3,2024-12-14,20241214,New business,48358.78,True,ERP simulada,False
893,1825,23110,12,2,2024-11-19,20241119,New business,64055.92,True,ERP simulada,False
894,1827,23124,15,6,2024-06-04,20240604,New business,17497.62,True,ERP simulada,False
895,1828,23133,6,1,2025-04-09,20250409,New business,26394.94,True,ERP simulada,False
896,1829,23142,6,5,2025-03-10,20250310,New business,11599.06,True,ERP simulada,False
897,1830,23146,7,5,2025-01-04,20250104,New business,8174.42,True,ERP simulada,False
898,1833,23173,14,3,2025-01-24,20250124,New business,16509.53,True,ERP simulada,False
899,1835,23190,12,5,2026-01-23,20260123,New business,226442.03,True,ERP simulada,False
900,1837,23209,21,4,2024-06-05,20240605,New business,42517.45,True,ERP simulada,False
901,1838,23210,21,3,2025-12-27,20251227,New business,16792.78,True,ERP simulada,False
902,1839,23223,23,4,2024-08-07,20240807,New business,35667.34,True,ERP simulada,False
903,1840,23234,11,5,2026-01-03,20260103,New business,49772.13,True,ERP simulada,False
904,1844,23273,5,4,2024-03-04,20240304,New business,74027.43,True,ERP simulada,False
905,1846,23327,3,1,2024-10-09,20241009,New business,56400.0,True,ERP simulada,False
906,1847,23331,6,2,2024-07-19,20240719,New business,33668.86,True,ERP simulada,False
907,1849,23336,1,6,2025-03-08,20250308,New business,93451.97,True,ERP simulada,False
908,1850,23369,12,5,2025-06-04,20250604,New business,48278.73,True,ERP simulada,False
909,1852,23425,8,5,2025-04-18,20250418,New business,8972.2,True,ERP simulada,False
910,1855,23438,1,1,2025-09-12,20250912,New business,250337.71,True,ERP simulada,False
911,1857,23466,6,6,2024-11-10,20241110,New business,28047.97,True,ERP simulada,False
912,1858,23486,18,3,2025-02-06,20250206,New business,16893.16,True,ERP simulada,False
913,1861,23543,8,1,2024-10-15,20241015,New business,7599.72,True,ERP simulada,False
914,1862,23546,12,6,2025-05-04,20250504,New business,9712.48,True,ERP simulada,False
915,1863,23552,17,5,2025-02-22,20250222,New business,104571.2,True,ERP simulada,False
916,1864,23577,16,1,2025-02-09,20250209,New business,57840.8,True,ERP simulada,False
917,1865,23593,1,1,2024-11-11,20241111,New business,17270.77,True,ERP simulada,False
918,1866,23597,1,4,2024-10-03,20241003,New business,49953.46,True,ERP simulada,False
919,1867,23600,4,5,2025-06-22,20250622,New business,24136.02,True,ERP simulada,False
920,1868,23613,7,6,2024-06-16,20240616,New business,375789.4,True,ERP simulada,False
921,1874,23650,5,6,2025-12-20,20251220,New business,9426.59,True,ERP simulada,False
922,1875,23689,12,3,2024-07-03,20240703,New business,34723.31,True,ERP simulada,False
923,1877,23726,12,4,2025-09-24,20250924,New business,74415.63,True,ERP simulada,False
924,1878,23727,5,1,2024-05-09,20240509,New business,7292.75,True,ERP simulada,False
925,1880,23743,19,5,2026-03-08,20260308,New business,32943.44,True,ERP simulada,False
926,1882,23757,4,6,2025-06-25,20250625,New business,67589.25,True,ERP simulada,False
927,1883,23768,6,2,2025-08-03,20250803,New business,18841.95,True,ERP simulada,False
928,1884,23811,12,6,2026-01-09,20260109,New business,42800.0,True,ERP simulada,False
929,1885,23818,18,3,2024-05-03,20240503,New business,28528.6,True,ERP simulada,False
930,1887,23825,3,1,2024-07-21,20240721,New business,56340.16,True,ERP simulada,False
931,1888,23831,10,5,2024-08-14,20240814,New business,12245.54,True,ERP simulada,False
932,1889,23836,2,3,2024-11-10,20241110,New business,19641.6,True,ERP simulada,False
933,1890,23844,6,2,2026-01-10,20260110,New business,17410.15,True,ERP simulada,False
934,1894,23866,23,5,2024-09-05,20240905,New business,44761.16,True,ERP simulada,False
935,1896,23888,6,5,2024-05-20,20240520,New business,11859.33,True,ERP simulada,False
936,1897,23894,21,1,2024-04-11,20240411,New business,28214.99,True,ERP simulada,False
937,1900,24026,11,3,2024-10-11,20241011,New business,28479.94,True,ERP simulada,False
938,1906,24059,13,4,2025-05-23,20250523,New business,32610.06,True,ERP simulada,False
939,1908,24074,5,1,2025-03-25,20250325,New business,6171.82,True,ERP simulada,False
940,1917,24152,8,4,2024-11-28,20241128,New business,9979.33,True,ERP simulada,False
941,1918,24160,1,4,2024-08-18,20240818,New business,247845.25,True,ERP simulada,False
942,1920,24183,18,5,2025-06-28,20250628,New business,16892.46,True,ERP simulada,False
943,1921,24200,8,1,2024-08-15,20240815,New business,32278.56,True,ERP simulada,False
944,1922,24204,21,1,2024-11-28,20241128,New business,73940.52,True,ERP simulada,False
945,1927,24225,6,4,2024-12-12,20241212,New business,27080.81,True,ERP simulada,False
946,1932,24348,2,2,2025-10-03,20251003,New business,60700.0,True,ERP simulada,False
947,1934,24452,12,5,2025-12-11,20251211,New business,357886.74,True,ERP simulada,False
948,1938,24507,21,5,2025-10-11,20251011,New business,145117.35,True,ERP simulada,False
949,1939,24519,21,5,2025-09-09,20250909,New business,40583.14,True,ERP simulada,False
950,1940,24524,6,6,2024-04-20,20240420,New business,51831.03,True,ERP simulada,False
951,1944,24588,22,6,2024-07-29,20240729,New business,23624.57,True,ERP simulada,False
952,1950,24670,21,1,2024-05-04,20240504,New business,10368.46,True,ERP simulada,False
953,1953,24699,19,6,2025-01-20,20250120,New business,59401.39,True,ERP simulada,False
954,1954,24709,21,5,2026-01-02,20260102,New business,147188.85,True,ERP simulada,False
955,1955,24711,5,4,2024-08-31,20240831,New business,45297.0,True,ERP simulada,False
956,1956,24718,19,5,2025-04-03,20250403,New business,71787.26,True,ERP simulada,False
957,1960,24814,2,6,2025-04-05,20250405,New business,205782.94,True,ERP simulada,False
958,1961,24817,3,6,2024-05-20,20240520,New business,62126.34,True,ERP simulada,False
959,1963,24849,12,5,2024-09-13,20240913,New business,41619.4,True,ERP simulada,False
960,1964,24873,1,1,2024-06-03,20240603,New business,49500.0,True,ERP simulada,False
961,1968,24985,3,2,2025-12-25,20251225,New business,7363.71,True,ERP simulada,False
962,1972,25086,6,1,2025-10-05,20251005,New business,20383.45,True,ERP simulada,False
963,1980,25274,21,1,2024-04-09,20240409,New business,23320.86,True,ERP simulada,False
964,1981,25276,6,5,2024-04-06,20240406,New business,53421.04,True,ERP simulada,False
965,1984,25304,8,1,2024-07-17,20240717,New business,307516.01,True,ERP simulada,False
966,1986,25321,21,3,2024-04-07,20240407,New business,553154.61,True,ERP simulada,False
967,1990,25344,16,2,2025-06-08,20250608,New business,41128.48,True,ERP simulada,False
968,1991,25346,12,1,2025-07-06,20250706,New business,11101.29,True,ERP simulada,False
969,1992,25363,24,3,2024-07-13,20240713,New business,13773.74,True,ERP simulada,False
970,1995,25440,9,5,2024-06-30,20240630,New business,45445.34,True,ERP simulada,False
971,1996,25454,18,6,2025-08-22,20250822,New business,50880.12,True,ERP simulada,False
972,1997,25456,5,6,2026-01-08,20260108,New business,28242.84,True,ERP simulada,False
973,1999,25466,21,1,2025-02-18,20250218,New business,33042.85,True,ERP simulada,False
974,2000,25479,7,5,2025-05-03,20250503,New business,37869.83,True,ERP simulada,False
975,2005,25577,2,6,2025-04-06,20250406,New business,25012.13,True,ERP simulada,False
976,2007,25584,12,6,2025-03-18,20250318,New business,18399.68,True,ERP simulada,False
977,2009,25615,13,4,2025-03-09,20250309,New business,37576.06,True,ERP simulada,False
978,2011,25626,17,1,2025-11-15,20251115,New business,11033.69,True,ERP simulada,False
979,2012,25630,1,6,2026-01-31,20260131,New business,9067.76,True,ERP simulada,False
980,2013,25662,6,2,2024-05-19,20240519,New business,15617.18,True,ERP simulada,False
981,2014,25670,21,5,2024-09-05,20240905,New business,6671.31,True,ERP simulada,False
982,2019,25755,6,1,2025-04-05,20250405,New business,99500.0,True,ERP simulada,False
983,2022,25761,23,3,2024-05-22,20240522,New business,232893.67,True,ERP simulada,False
984,2024,25797,10,6,2025-11-04,20251104,New business,35639.26,True,ERP simulada,False
985,2025,25800,13,5,2024-06-16,20240616,New business,111083.79,True,ERP simulada,False
986,2027,25811,2,3,2025-10-06,20251006,New business,282987.92,True,ERP simulada,False
987,2030,25825,22,1,2024-11-28,20241128,New business,214761.73,True,ERP simulada,False
988,2033,25874,11,3,2024-06-22,20240622,New business,15733.48,True,ERP simulada,False
989,2035,25907,11,5,2024-05-21,20240521,New business,152813.25,True,ERP simulada,False
990,2037,25950,1,3,2025-09-20,20250920,New business,102564.85,True,ERP simulada,False
991,2038,25978,6,3,2025-05-13,20250513,New business,75948.92,True,ERP simulada,False
992,2042,26043,17,3,2024-05-29,20240529,New business,199648.73,True,ERP simulada,False
993,2043,26055,5,1,2024-07-21,20240721,New business,27035.67,True,ERP simulada,False
994,2044,26057,16,3,2025-08-16,20250816,New business,85878.08,True,ERP simulada,False
995,2045,26065,8,1,2026-01-14,20260114,New business,46507.46,True,ERP simulada,False
996,2046,26069,16,1,2024-04-07,20240407,New business,46396.81,True,ERP simulada,False
997,2047,26079,17,5,2024-06-22,20240622,New business,22759.57,True,ERP simulada,False
998,2050,26109,7,2,2025-04-30,20250430,New business,253773.3,True,ERP simulada,False
999,2053,26132,8,5,2024-06-07,20240607,New business,34255.28,True,ERP simulada,False
1000,2054,26151,21,1,2026-01-06,20260106,New business,181954.01,True,ERP simulada,False
1001,2057,26178,17,3,2025-03-11,20250311,New business,8560.32,True,ERP simulada,False
1002,2058,26191,1,5,2024-09-25,20240925,New business,26431.58,True,ERP simulada,False
1003,2065,26246,4,2,2025-03-13,20250313,New business,37700.0,True,ERP simulada,False
1004,2066,26260,16,5,2025-12-06,20251206,New business,23980.58,True,ERP simulada,False
1005,2070,26329,1,3,2026-01-14,20260114,New business,23998.74,True,ERP simulada,False
1006,2071,26334,21,3,2024-05-24,20240524,New business,15475.24,True,ERP simulada,False
1007,2072,26335,1,5,2024-07-31,20240731,New business,14659.85,True,ERP simulada,False
1008,2073,26342,18,4,2025-07-10,20250710,New business,76996.52,True,ERP simulada,False
1009,2075,26373,11,1,2024-08-21,20240821,New business,144725.63,True,ERP simulada,False
1010,2076,26380,6,3,2025-07-09,20250709,New business,17065.15,True,ERP simulada,False
1011,2077,26388,11,5,2025-11-09,20251109,New business,122381.4,True,ERP simulada,False
1012,2079,26403,4,1,2024-11-05,20241105,New business,10028.82,True,ERP simulada,False
1013,2081,26432,6,1,2025-03-06,20250306,New business,29813.19,True,ERP simulada,False
1014,2082,26434,6,3,2025-09-06,20250906,New business,127420.66,True,ERP simulada,False
1015,2084,26486,1,2,2025-06-14,20250614,New business,15512.98,True,ERP simulada,False
1016,2085,26487,4,1,2024-08-26,20240826,New business,19347.49,True,ERP simulada,False
1017,2086,26491,23,1,2024-05-12,20240512,New business,8086.22,True,ERP simulada,False
1018,2089,26528,12,3,2024-10-06,20241006,New business,101075.85,True,ERP simulada,False
1019,2090,26529,21,6,2025-03-25,20250325,New business,11073.89,True,ERP simulada,False
1020,2092,26549,6,5,2025-12-19,20251219,New business,46429.99,True,ERP simulada,False
1021,2093,26555,21,2,2025-08-09,20250809,New business,215300.0,True,ERP simulada,False
1022,2095,26580,14,2,2024-09-29,20240929,New business,13547.0,True,ERP simulada,False
1023,2097,26594,5,5,2025-05-10,20250510,New business,83555.56,True,ERP simulada,False
1024,2100,26625,6,3,2025-05-16,20250516,New business,43483.74,True,ERP simulada,False
1025,2101,26633,12,6,2024-08-15,20240815,New business,25863.46,True,ERP simulada,False
1026,2102,26648,22,2,2024-05-22,20240522,New business,80175.06,True,ERP simulada,False
1027,2103,26679,19,1,2024-05-03,20240503,New business,32670.59,True,ERP simulada,False
1028,2104,26693,1,2,2024-12-06,20241206,New business,39444.75,True,ERP simulada,False
1029,2105,26711,11,3,2025-06-27,20250627,New business,25562.69,True,ERP simulada,False
1030,2106,26718,14,2,2024-09-23,20240923,New business,7689.78,True,ERP simulada,False
1031,2109,26734,6,6,2025-10-01,20251001,New business,54540.13,True,ERP simulada,False
1032,2112,26811,7,5,2026-02-25,20260225,New business,38784.31,True,ERP simulada,False
1033,2113,26814,22,5,2025-03-23,20250323,New business,24211.55,True,ERP simulada,False
1034,2114,26828,24,5,2024-05-07,20240507,New business,36954.03,True,ERP simulada,False
1035,2117,26854,10,1,2025-11-28,20251128,New business,21375.46,True,ERP simulada,False
1036,2122,26910,14,5,2025-08-05,20250805,New business,12701.75,True,ERP simulada,False
1037,2123,26913,6,3,2026-02-27,20260227,New business,273692.14,True,ERP simulada,False
1038,2124,26928,2,5,2026-01-22,20260122,New business,65884.13,True,ERP simulada,False
1039,2125,26934,17,5,2025-04-01,20250401,New business,20229.76,True,ERP simulada,False
1040,2127,26981,11,6,2025-03-06,20250306,New business,14401.12,True,ERP simulada,False
1041,2129,27016,14,1,2025-07-02,20250702,New business,22200.0,True,ERP simulada,False
1042,2130,27030,16,3,2024-03-13,20240313,New business,24254.72,True,ERP simulada,False
1043,2131,27044,4,1,2025-01-04,20250104,New business,16811.66,True,ERP simulada,False
1044,2132,27056,21,1,2024-08-18,20240818,New business,24050.27,True,ERP simulada,False
1045,2133,27060,6,3,2024-10-22,20241022,New business,14466.46,True,ERP simulada,False
1046,2135,27131,8,1,2024-04-08,20240408,New business,24123.22,True,ERP simulada,False
1047,2136,27149,14,1,2025-06-22,20250622,New business,27807.54,True,ERP simulada,False
1048,2137,27158,16,1,2025-10-03,20251003,New business,15155.51,True,ERP simulada,False
1049,2146,27273,22,4,2025-10-05,20251005,New business,12969.41,True,ERP simulada,False
1050,2147,27291,15,3,2024-04-22,20240422,New business,348581.53,True,ERP simulada,False
1051,2151,27379,6,5,2024-04-30,20240430,New business,110895.78,True,ERP simulada,False
1052,2154,27431,2,3,2026-01-15,20260115,New business,47251.76,True,ERP simulada,False
1053,2155,27435,12,1,2025-09-09,20250909,New business,42932.91,True,ERP simulada,False
1054,2157,27474,16,1,2024-06-08,20240608,New business,183500.0,True,ERP simulada,False
1055,2158,27480,8,1,2025-02-26,20250226,New business,39432.18,True,ERP simulada,False
1056,2159,27488,11,1,2026-01-08,20260108,New business,224569.28,True,ERP simulada,False
1057,2162,27504,21,2,2025-12-18,20251218,New business,18021.6,True,ERP simulada,False
1058,2164,27520,1,5,2025-09-19,20250919,New business,15839.31,True,ERP simulada,False
1059,2166,27541,23,4,2025-04-04,20250404,New business,21595.22,True,ERP simulada,False
1060,2169,27587,2,1,2024-06-29,20240629,New business,307426.4,True,ERP simulada,False
1061,2172,27617,11,2,2024-10-07,20241007,New business,42779.76,True,ERP simulada,False
1062,2176,27706,21,2,2026-04-12,20260412,New business,69871.57,True,ERP simulada,False
1063,2182,27829,17,1,2024-04-26,20240426,New business,57036.14,True,ERP simulada,False
1064,2183,27839,8,4,2025-11-07,20251107,New business,19593.68,True,ERP simulada,False
1065,2186,27864,9,6,2025-02-05,20250205,New business,205803.26,True,ERP simulada,False
1066,2187,27892,16,5,2024-10-15,20241015,New business,12958.96,True,ERP simulada,False
1067,2189,27927,8,1,2025-06-30,20250630,New business,11843.4,True,ERP simulada,False
1068,2191,27971,6,2,2025-12-30,20251230,New business,19733.0,True,ERP simulada,False
1069,2196,28002,1,4,2025-06-20,20250620,New business,13767.77,True,ERP simulada,False
1070,2198,28013,6,6,2024-05-16,20240516,New business,50845.7,True,ERP simulada,False
1071,2199,28026,6,4,2024-07-08,20240708,New business,20797.46,True,ERP simulada,False
1072,2200,28029,6,4,2024-04-20,20240420,New business,13993.33,True,ERP simulada,False
1073,2201,28039,22,5,2024-10-12,20241012,New business,60352.19,True,ERP simulada,False
1074,2203,28057,1,6,2024-11-20,20241120,New business,32376.8,True,ERP simulada,False
1075,2206,28083,1,1,2024-03-03,20240303,New business,17344.83,True,ERP simulada,False
1076,2207,28095,6,2,2024-07-28,20240728,New business,11272.17,True,ERP simulada,False
1077,2208,28117,11,1,2026-01-13,20260113,New business,75601.59,True,ERP simulada,False
1078,2209,28128,18,3,2025-05-20,20250520,New business,12049.47,True,ERP simulada,False
1079,2212,28169,21,3,2025-01-01,20250101,New business,329904.06,True,ERP simulada,False
1080,2214,28193,16,6,2024-04-05,20240405,New business,107379.63,True,ERP simulada,False
1081,2216,28206,14,5,2024-05-26,20240526,New business,23223.81,True,ERP simulada,False
1082,2217,28210,19,1,2025-02-26,20250226,New business,20538.67,True,ERP simulada,False
1083,2218,28215,19,1,2024-06-11,20240611,New business,46878.8,True,ERP simulada,False
1084,2221,28247,22,3,2026-01-29,20260129,New business,107979.97,True,ERP simulada,False
1085,2225,28295,8,2,2024-04-08,20240408,New business,29201.36,True,ERP simulada,False
1086,2226,28299,11,4,2024-05-24,20240524,New business,36095.19,True,ERP simulada,False
1087,2229,28337,8,5,2024-09-08,20240908,New business,14952.82,True,ERP simulada,False
1088,2230,28343,16,3,2025-06-28,20250628,New business,12269.9,True,ERP simulada,False
1089,2231,28366,1,6,2025-08-14,20250814,New business,16701.81,True,ERP simulada,False
1090,2232,28385,9,3,2024-09-24,20240924,New business,248210.18,True,ERP simulada,False
1091,2236,28402,8,1,2024-08-16,20240816,New business,17651.07,True,ERP simulada,False
1092,2237,28412,3,1,2025-06-14,20250614,New business,31242.04,True,ERP simulada,False
1093,2241,28462,23,3,2024-07-02,20240702,New business,17858.3,True,ERP simulada,False
1094,2242,28469,21,1,2024-08-07,20240807,New business,76198.94,True,ERP simulada,False
1095,2244,28473,21,3,2025-08-07,20250807,New business,106903.29,True,ERP simulada,False
1096,2246,28512,23,2,2024-11-06,20241106,New business,14481.14,True,ERP simulada,False
1097,2247,28514,18,6,2024-05-26,20240526,New business,339468.5,True,ERP simulada,False
1098,2248,28515,16,3,2025-08-10,20250810,New business,52828.76,True,ERP simulada,False
1099,2251,28562,1,5,2024-06-04,20240604,New business,76238.29,True,ERP simulada,False
1100,2258,28782,16,3,2024-03-22,20240322,New business,58649.28,True,ERP simulada,False
1101,2260,28795,21,1,2024-12-13,20241213,New business,21947.66,True,ERP simulada,False
1102,2261,28816,1,3,2026-02-26,20260226,New business,114382.95,True,ERP simulada,False
1103,2262,28830,22,5,2024-11-29,20241129,New business,43051.17,True,ERP simulada,False
1104,2264,28833,20,6,2025-09-11,20250911,New business,18638.07,True,ERP simulada,False
1105,2265,28849,8,3,2024-08-05,20240805,New business,13475.86,True,ERP simulada,False
1106,2266,28861,1,3,2024-10-17,20241017,New business,663315.48,True,ERP simulada,False
1107,2267,28870,22,6,2024-08-04,20240804,New business,18007.55,True,ERP simulada,False
1108,2268,28892,16,2,2025-07-21,20250721,New business,33857.66,True,ERP simulada,False
1109,2272,28900,24,4,2024-08-17,20240817,New business,13170.79,True,ERP simulada,False
1110,2278,28997,16,3,2025-08-06,20250806,New business,14490.73,True,ERP simulada,False
1111,2281,29089,16,5,2024-06-07,20240607,New business,39976.6,True,ERP simulada,False
1112,2282,29110,12,4,2025-03-29,20250329,New business,6135.09,True,ERP simulada,False
1113,2291,29211,11,2,2026-01-15,20260115,New business,50507.83,True,ERP simulada,False
1114,2295,29283,14,1,2025-12-09,20251209,New business,39582.89,True,ERP simulada,False
1115,2298,29341,11,6,2024-05-29,20240529,New business,58332.54,True,ERP simulada,False
1116,2299,29345,16,2,2025-04-08,20250408,New business,79990.42,True,ERP simulada,False
1117,2300,29370,4,5,2024-09-13,20240913,New business,11367.06,True,ERP simulada,False
1118,2302,29387,21,6,2024-09-08,20240908,New business,50855.37,True,ERP simulada,False
1119,2303,29404,4,4,2024-12-27,20241227,New business,10852.84,True,ERP simulada,False
1120,2307,29501,18,5,2025-06-01,20250601,New business,20556.1,True,ERP simulada,False
1121,2308,29502,10,5,2024-11-25,20241125,New business,7765.4,True,ERP simulada,False
1122,2309,29516,6,3,2026-04-03,20260403,New business,240520.01,True,ERP simulada,False
1123,2313,29539,3,3,2026-01-28,20260128,New business,44397.0,True,ERP simulada,False
1124,2314,29552,23,4,2024-08-18,20240818,New business,24004.07,True,ERP simulada,False
1125,2315,29555,14,2,2025-06-12,20250612,New business,44642.02,True,ERP simulada,False
1126,2316,29597,16,4,2025-03-21,20250321,New business,252700.0,True,ERP simulada,False
1127,2317,29632,20,1,2026-02-07,20260207,New business,13235.97,True,ERP simulada,False
1128,2318,29639,11,3,2025-06-21,20250621,New business,23138.82,True,ERP simulada,False
1129,2321,29673,12,4,2025-03-12,20250312,New business,37181.39,True,ERP simulada,False
1130,2322,29679,22,2,2024-08-08,20240808,New business,16504.29,True,ERP simulada,False
1131,2325,29753,1,3,2026-02-22,20260222,New business,38960.47,True,ERP simulada,False
1132,2326,29758,13,2,2025-12-10,20251210,New business,7238.55,True,ERP simulada,False
1133,2328,29807,1,3,2024-06-08,20240608,New business,61013.82,True,ERP simulada,False
1134,2338,29903,16,2,2025-09-21,20250921,New business,69604.95,True,ERP simulada,False
1135,2342,29919,1,1,2026-03-02,20260302,New business,174867.19,True,ERP simulada,False
1136,2346,29959,22,3,2025-01-17,20250117,New business,11062.61,True,ERP simulada,False
1137,2347,29966,8,6,2025-04-29,20250429,New business,129430.96,True,ERP simulada,False
1138,2350,29971,1,4,2024-07-01,20240701,New business,6152.95,True,ERP simulada,False
