sales_rep_key,sales_rep_name,region,team,hire_date
1,Ana Lima,Sudeste,Enterprise,2021-02-01
2,Bruno Costa,Sudeste,SMB,2022-05-10
3,Carla Mendes,Sul,Enterprise,2020-08-17
4,Diego Alves,Sul,SMB,2023-01-09
5,Elaine Rocha,Nordeste,Enterprise,2021-11-22
6,Felipe Martins,Nordeste,SMB,2022-03-14
7,Gabriela Nunes,Centro-Oeste,Enterprise,2020-04-06
8,Henrique Souza,Centro-Oeste,SMB,2023-06-19
9,Isabela Dias,Sudeste,Enterprise,2021-07-12
10,João Pereira,Sul,SMB,2022-09-26
11,Karen Oliveira,Nordeste,Enterprise,2020-10-05
12,Lucas Barros,Sudeste,SMB,2023-02-13
